number,filename,path,mode,order,cell_px,gridlines,black_cells,sha256
0,sym_000.png,base 625/out/digits_0_625_row/sym_000.png,count,row,20,True,0,1da1ac0b754826b79350b5d8e1b42fd9c39106761533becf0c823ddc009aae08
1,sym_001.png,base 625/out/digits_0_625_row/sym_001.png,count,row,20,True,1,27d24976e066416855e9f6be66612bebaa9a11d14a32d6f7c2493242f2872427
2,sym_002.png,base 625/out/digits_0_625_row/sym_002.png,count,row,20,True,2,b444cdec0bb521252249fc63c08e998122f8509658d9f00f0da080297e864b27
3,sym_003.png,base 625/out/digits_0_625_row/sym_003.png,count,row,20,True,3,46df9ac706368727071b768df39c3dfb4626e4f313ba6be8243fce6c6431c3c2
4,sym_004.png,base 625/out/digits_0_625_row/sym_004.png,count,row,20,True,4,3edd80bca6220a785940257755bc1ee64ff9bafa226dbf110b9652faef8625fb
5,sym_005.png,base 625/out/digits_0_625_row/sym_005.png,count,row,20,True,5,070a85649125e26a786a89fc971b074e461c49e3b0cbf78e9170e03270c36ae1
6,sym_006.png,base 625/out/digits_0_625_row/sym_006.png,count,row,20,True,6,11a083087457f07bdfa699742fcb85e698ae0ee8de5014823a96751e9ead20a4
7,sym_007.png,base 625/out/digits_0_625_row/sym_007.png,count,row,20,True,7,a4695972a829d25f2976e1947afeadb2827fc57ef90d5c599de9ec385163ff39
8,sym_008.png,base 625/out/digits_0_625_row/sym_008.png,count,row,20,True,8,b1d1a3177098c498e15016ebb02ff232b2ddc645592647c10c0e10e338b183cd
9,sym_009.png,base 625/out/digits_0_625_row/sym_009.png,count,row,20,True,9,02753047225d0f3dacdb9cb4e6490578d969cadce2885e23e6dea771b67b4184
10,sym_010.png,base 625/out/digits_0_625_row/sym_010.png,count,row,20,True,10,6c47136ed78dbea176d4b48a4d4984d7642d724873288a5d1e81d7460e827f22
11,sym_011.png,base 625/out/digits_0_625_row/sym_011.png,count,row,20,True,11,c022cae8a3ee0089344226a8a8e552e0ae644a24749bb180f170b23775be9308
12,sym_012.png,base 625/out/digits_0_625_row/sym_012.png,count,row,20,True,12,fe0704e62f30c36fcf213ae0dcfe99e43d4fd44be9b3412cea3873b30209cef3
13,sym_013.png,base 625/out/digits_0_625_row/sym_013.png,count,row,20,True,13,a8cfaff5cef43c96920329393a352f6c452a08b6e5a16688c92d0b8d805b9cd1
14,sym_014.png,base 625/out/digits_0_625_row/sym_014.png,count,row,20,True,14,4cd65bf51f2de23363ff8e45953a5f223a6f92b6f37fa17daaaf6894bf1eaa57
15,sym_015.png,base 625/out/digits_0_625_row/sym_015.png,count,row,20,True,15,5536983f97cf9fb9a8619b5f64f2ca45879b427511714fe49c6c6ee9ea8efe60
16,sym_016.png,base 625/out/digits_0_625_row/sym_016.png,count,row,20,True,16,4f0a0a6d542536bb1c5e6390ebf8b46ad83b69f03fe4422c4b416ff397fe10f6
17,sym_017.png,base 625/out/digits_0_625_row/sym_017.png,count,row,20,True,17,e2fdb6ff1fab5fa4bc9aaf39e33ff494abe2a8d66b60e706586ce5948b0f20ac
18,sym_018.png,base 625/out/digits_0_625_row/sym_018.png,count,row,20,True,18,a7405205deb09909dae13a688ffca6b0b30b70ace9a7df49385e821c6f7e04ac
19,sym_019.png,base 625/out/digits_0_625_row/sym_019.png,count,row,20,True,19,14a8cb4fd96c18e9ba1d15144e8e10d74a9e98703171868cdc5804e200ce573d
20,sym_020.png,base 625/out/digits_0_625_row/sym_020.png,count,row,20,True,20,a6588e4dcb53ba82c8dae47af1c5892c3fb2d489caf64e380af523bf247da18e
21,sym_021.png,base 625/out/digits_0_625_row/sym_021.png,count,row,20,True,21,534a1bff44065f5a6ac87fb091aa2a8abd12bc10607444491824f5f82f3586ad
22,sym_022.png,base 625/out/digits_0_625_row/sym_022.png,count,row,20,True,22,37a43193197ab418c7123da32f95ae03fd1861e0cf8c385943308e8ec55a1338
23,sym_023.png,base 625/out/digits_0_625_row/sym_023.png,count,row,20,True,23,817bd694bed46bc659d32d06670472bef736e00adbc0e53b9eff30aff1d60e7a
24,sym_024.png,base 625/out/digits_0_625_row/sym_024.png,count,row,20,True,24,4b04e01fb5c37954e9cbed43465af5c772ecda662e10884e7c713621aee88c92
25,sym_025.png,base 625/out/digits_0_625_row/sym_025.png,count,row,20,True,25,2a29715cc6ccdf5669f671a0d69972214e1d5e9417f7499d4748f1ae2e0f0d70
26,sym_026.png,base 625/out/digits_0_625_row/sym_026.png,count,row,20,True,26,c1fc06335cb38c3bde7d5566b6a8d1b287f8dd7a12f97c0b66869b6228076b73
27,sym_027.png,base 625/out/digits_0_625_row/sym_027.png,count,row,20,True,27,ea612df8bffe375c530f20cc6d6cf6916d0ffd3cf1d014ae86c86d76d30eed82
28,sym_028.png,base 625/out/digits_0_625_row/sym_028.png,count,row,20,True,28,63acae547487fa03faddf04a02d16b29ca5208a053df2f02ccbdc12de5af8836
29,sym_029.png,base 625/out/digits_0_625_row/sym_029.png,count,row,20,True,29,d731200f247d51734979a97811d49eed5d0bcd9476b2f2cfc65c3e76caef5b99
30,sym_030.png,base 625/out/digits_0_625_row/sym_030.png,count,row,20,True,30,a98ed7088cf54893ce2fbcd9538ecefd92098fcc40a0ca0ff839444ac081d7ea
31,sym_031.png,base 625/out/digits_0_625_row/sym_031.png,count,row,20,True,31,94920fd04ccee49998324aae714590835d5a4e0150ff4d68ff2b3084ed24c756
32,sym_032.png,base 625/out/digits_0_625_row/sym_032.png,count,row,20,True,32,b5ecb4140602eaad087aca274e644cf245449a3bd2f900ee736c3587cb21cdc6
33,sym_033.png,base 625/out/digits_0_625_row/sym_033.png,count,row,20,True,33,2c478302c9a4d49d2598e2c76434dc3006c09498f3610d7ca8dfa926365a2c91
34,sym_034.png,base 625/out/digits_0_625_row/sym_034.png,count,row,20,True,34,4d678aceb6e203982ad173b002aa231b313eba742856ea0ee418eddbeb898636
35,sym_035.png,base 625/out/digits_0_625_row/sym_035.png,count,row,20,True,35,106669b8884ce9d6fa6e7bf408459a650a0f8138d4453b91573bc3311e437acf
36,sym_036.png,base 625/out/digits_0_625_row/sym_036.png,count,row,20,True,36,f2800ccc7f7dc6d5b529c85d290e1dd6bea3ded5525c84b76401ba36988fddaa
37,sym_037.png,base 625/out/digits_0_625_row/sym_037.png,count,row,20,True,37,849b6bac143d4ab7e1cf9c2fdeebcdb3408977ae383c1217eea4091a3aaeefe7
38,sym_038.png,base 625/out/digits_0_625_row/sym_038.png,count,row,20,True,38,638ca80f06cfc29e859e2b0c36d7b4ebd272e220a9a7083446a8542ec3f05b45
39,sym_039.png,base 625/out/digits_0_625_row/sym_039.png,count,row,20,True,39,f152c3fcc4f83f6766cae9778d0011b628749933c6221eadc8b11098c415f005
40,sym_040.png,base 625/out/digits_0_625_row/sym_040.png,count,row,20,True,40,5a344db8c8df175f961d9f97610be61182a433207489f5dcc94777e41f75b182
41,sym_041.png,base 625/out/digits_0_625_row/sym_041.png,count,row,20,True,41,ca1aea6b99dc8096b81946d9a16aacb03c190118e5a258211a1da72db3c9d072
42,sym_042.png,base 625/out/digits_0_625_row/sym_042.png,count,row,20,True,42,3f556923494db96aa56c6c4e17d12b21dab7c678c9dfb3de4b710f5d724cbdda
43,sym_043.png,base 625/out/digits_0_625_row/sym_043.png,count,row,20,True,43,57ada28ad5ac0deacf29d6bf07ec8c59d0b953b208dc89bdf9305e01e7896799
44,sym_044.png,base 625/out/digits_0_625_row/sym_044.png,count,row,20,True,44,df448f8ea661cb7bd5acd9028055f5e7a42ba3909876f36568e32ca5399d43a3
45,sym_045.png,base 625/out/digits_0_625_row/sym_045.png,count,row,20,True,45,c8fed445867b62466b6e924ee32b4893985ee7c257d8ef2b0f0012e00739ef46
46,sym_046.png,base 625/out/digits_0_625_row/sym_046.png,count,row,20,True,46,2eabe8ef309d63b1dca1776d2a67fdd3f5a1aca2e84f1d496f01f2796b29af99
47,sym_047.png,base 625/out/digits_0_625_row/sym_047.png,count,row,20,True,47,5a331bf2e5fd98647d0d73ffcf85c97ff9cadadaed1109805f5e86f2d20d3edb
48,sym_048.png,base 625/out/digits_0_625_row/sym_048.png,count,row,20,True,48,3821ce680b83a85dcef137468713f5a53ac50e984a2c417706b5c28bb5bc45f1
49,sym_049.png,base 625/out/digits_0_625_row/sym_049.png,count,row,20,True,49,46791e3badd5e429764156b3a79d7c4c7fc05c7ea9bde6d06c428c43928aec9a
50,sym_050.png,base 625/out/digits_0_625_row/sym_050.png,count,row,20,True,50,924d22bc3a73a82d8154c25d1fd2ef2d62aeac4e7504cce8dfa050e8464c6b2b
51,sym_051.png,base 625/out/digits_0_625_row/sym_051.png,count,row,20,True,51,c3aa86f145037bd1783a6a97928851cf6fbfcb744f978a776512f5c54cef16ed
52,sym_052.png,base 625/out/digits_0_625_row/sym_052.png,count,row,20,True,52,bb907170b5d5171d776aa8d27e8fcca48d7fd3cbcc15c53a3699fb4159911b91
53,sym_053.png,base 625/out/digits_0_625_row/sym_053.png,count,row,20,True,53,45428eb4ac6ac1079b16f7e5e7f335ccac65252d5b6c20770b305d00a4f59e12
54,sym_054.png,base 625/out/digits_0_625_row/sym_054.png,count,row,20,True,54,b740734b90c39825e97fa3100babe87f204bae76bfb009bbd146f60cc8ab2a1a
55,sym_055.png,base 625/out/digits_0_625_row/sym_055.png,count,row,20,True,55,9eb3017ae4e9506a463b56f60852988c5d48a9295d1a300272ef03a35a5044b4
56,sym_056.png,base 625/out/digits_0_625_row/sym_056.png,count,row,20,True,56,53daa2725fbfb0b0b90ce67a70d56fc89b036e43f90d9c4f323060ffb8ba46a5
57,sym_057.png,base 625/out/digits_0_625_row/sym_057.png,count,row,20,True,57,6a570b706988d425cb6828f2a4cd795463220dbebdf8c21985feee8150184a93
58,sym_058.png,base 625/out/digits_0_625_row/sym_058.png,count,row,20,True,58,675165d3f7c67213a56583a350d80c941bcde74f70901faa46a8b65bda528e5e
59,sym_059.png,base 625/out/digits_0_625_row/sym_059.png,count,row,20,True,59,e9f2dfead56bce00a8260d1edc5b7e0bccfb90fe5c44fe8cf7ebb83e43d0521b
60,sym_060.png,base 625/out/digits_0_625_row/sym_060.png,count,row,20,True,60,baa725bae653720360788dac357d056e102133e0f39540a97ba8bd4b24534198
61,sym_061.png,base 625/out/digits_0_625_row/sym_061.png,count,row,20,True,61,de141972aeb9a049ee54e1f0458c9e90ec435cb31da1c41997f7df4444380921
62,sym_062.png,base 625/out/digits_0_625_row/sym_062.png,count,row,20,True,62,0170b5bc4ac5055d1824074f1e336ce9d6e3648a5f6eda3a9326ae61198e6e34
63,sym_063.png,base 625/out/digits_0_625_row/sym_063.png,count,row,20,True,63,d196f36281553210fab120f7060b226308c96fdfda7cf86f137928d0d681d059
64,sym_064.png,base 625/out/digits_0_625_row/sym_064.png,count,row,20,True,64,66c1fa59e3d3a9578105f7f05ec0f67e6bdfe6ac71a2915d2699c9a17e4c6638
65,sym_065.png,base 625/out/digits_0_625_row/sym_065.png,count,row,20,True,65,83800853d55af1f1eab660f1ebcb464be3bab5625933a73009157e3f0d4d17e8
66,sym_066.png,base 625/out/digits_0_625_row/sym_066.png,count,row,20,True,66,6426e821c93ae7d1f4eb33e32fc27e9cc7821e60ae24a7c9546114e727aa6667
67,sym_067.png,base 625/out/digits_0_625_row/sym_067.png,count,row,20,True,67,4b518c51eaff8739fb94c00324efba0fca8c400d8295bbc80a82a134a6295fd7
68,sym_068.png,base 625/out/digits_0_625_row/sym_068.png,count,row,20,True,68,55b18c8cc66976eb4608ea20987478c25c1f3fe9c6b7804eb7f6d993ee9e7fcf
69,sym_069.png,base 625/out/digits_0_625_row/sym_069.png,count,row,20,True,69,baa66c2c4113743dca0be03786021a43c7dd0e0a9b61e302fe13b513873108cd
70,sym_070.png,base 625/out/digits_0_625_row/sym_070.png,count,row,20,True,70,ea8ff14acd8688f678379a1136477b772c65665a14efa3fecd1e3687cae3fcd1
71,sym_071.png,base 625/out/digits_0_625_row/sym_071.png,count,row,20,True,71,771fc593ab80360e3f6ecc93c60379d69a51ce2868cf39ac7c77412082ad67cd
72,sym_072.png,base 625/out/digits_0_625_row/sym_072.png,count,row,20,True,72,77e9e950d56169790e16857108f2b7e62883812fb0d14c75bcb53ed625648781
73,sym_073.png,base 625/out/digits_0_625_row/sym_073.png,count,row,20,True,73,f6588532364ac442410fdbfef12b9b898a22abe257f4c63e7ed502c0c55370aa
74,sym_074.png,base 625/out/digits_0_625_row/sym_074.png,count,row,20,True,74,c714843192e7e20c79cceb350e9e03130ed082ff50cc52c9afb0a28cb77d31f2
75,sym_075.png,base 625/out/digits_0_625_row/sym_075.png,count,row,20,True,75,43db924c5373ee949f745e056b014706e74361f75f642976c1edac9ffb50a531
76,sym_076.png,base 625/out/digits_0_625_row/sym_076.png,count,row,20,True,76,4bfa4b5d9c506947f598cacc1c71e9e3b48464894b318a21738aa17aa49ef18c
77,sym_077.png,base 625/out/digits_0_625_row/sym_077.png,count,row,20,True,77,f6900259432109d220a6bfdf1b8b9e6bf18126602891719551d5bf3c96b1e60d
78,sym_078.png,base 625/out/digits_0_625_row/sym_078.png,count,row,20,True,78,b2016de6336160481b2b06bec2352613b9251e257005800c951ac90d268122f2
79,sym_079.png,base 625/out/digits_0_625_row/sym_079.png,count,row,20,True,79,79f85ec6a7587648347f216fcd1158bbf72d533bee4676c9c967cf91a34dc5a2
80,sym_080.png,base 625/out/digits_0_625_row/sym_080.png,count,row,20,True,80,30ff9acb70426e24dbfafb02081b75d05dcf7cf159e2c6e9cefc2a1f01ae23ab
81,sym_081.png,base 625/out/digits_0_625_row/sym_081.png,count,row,20,True,81,07296ec4a8c6137db63fdcd2dd1dfe98b540461f6d1828ffcac08477b09f2416
82,sym_082.png,base 625/out/digits_0_625_row/sym_082.png,count,row,20,True,82,1a19b680e064f36e289e88ded07974e4683c1466518e4e215eb70dfc9b42ed99
83,sym_083.png,base 625/out/digits_0_625_row/sym_083.png,count,row,20,True,83,790b9bc37bdca6e5665664a42cbbb40a8cd04909a9ea4e435a9f57fae180ea93
84,sym_084.png,base 625/out/digits_0_625_row/sym_084.png,count,row,20,True,84,e1fd5f1e898c80130c50286ab01e3b3fde296d82ed50d4820222fa1a09ad9a15
85,sym_085.png,base 625/out/digits_0_625_row/sym_085.png,count,row,20,True,85,adba99cf3e55d626ecaf1754175eb2f443be81fa066fc9eef4f04285dc64dd47
86,sym_086.png,base 625/out/digits_0_625_row/sym_086.png,count,row,20,True,86,1923cdbede2d8bfc215f890909294176f06fbf2da1e36bca73e35e6b2085cc1a
87,sym_087.png,base 625/out/digits_0_625_row/sym_087.png,count,row,20,True,87,48d97beab5484dd3d7e23b1ff8d4c96d4576eb2da6d1b772a6a2d58e9004061d
88,sym_088.png,base 625/out/digits_0_625_row/sym_088.png,count,row,20,True,88,f1b279092d49f12b5be350783a19f45189b608b7480fdfb4350111a48e7b6970
89,sym_089.png,base 625/out/digits_0_625_row/sym_089.png,count,row,20,True,89,9d67674a4facade02b07d22293e4fda47a06664681a4664a8650c8b8f89de0db
90,sym_090.png,base 625/out/digits_0_625_row/sym_090.png,count,row,20,True,90,e31099186aafceec9a876c25614e09296a2c76cdd62ee364f7059cc473723ca1
91,sym_091.png,base 625/out/digits_0_625_row/sym_091.png,count,row,20,True,91,822812f3712ffd8840f642ccbcc0783a0c79ac1ccc84f31283358a944e2f5815
92,sym_092.png,base 625/out/digits_0_625_row/sym_092.png,count,row,20,True,92,355d1897aaff56ea95ead158be2e129a10fe270e1353df4e379133ea89a70b9c
93,sym_093.png,base 625/out/digits_0_625_row/sym_093.png,count,row,20,True,93,bef06a9e00feecef0160d2e5fd462f3282c692bc9fbbd9bf359fb277e1b294a3
94,sym_094.png,base 625/out/digits_0_625_row/sym_094.png,count,row,20,True,94,9790148d2bf42db343fdd04b4cd23821622da02e79f9a1c5d920d55ab51a7873
95,sym_095.png,base 625/out/digits_0_625_row/sym_095.png,count,row,20,True,95,e98b6d54fc18b69d15e5d2c12bb5a2fb5dcde8c93ecda514ccf5192106491b44
96,sym_096.png,base 625/out/digits_0_625_row/sym_096.png,count,row,20,True,96,45506470cdbb3f41df95a208e0449b8f5b7671578ff6333b8b7ccff620bfc34d
97,sym_097.png,base 625/out/digits_0_625_row/sym_097.png,count,row,20,True,97,c2d7fe9960010169a31335c2d13672f39acc2fd6ef5e145093cf0977d21f8b93
98,sym_098.png,base 625/out/digits_0_625_row/sym_098.png,count,row,20,True,98,4c0d4b15b01c99feeefb036e5dceb03ce3ab5d243a5c9c17f78f5d1df24d96cc
99,sym_099.png,base 625/out/digits_0_625_row/sym_099.png,count,row,20,True,99,0f419cb5920cc1803e50bb6253c621bfe77997d11ddb2b7692cf28f8c4761ac5
100,sym_100.png,base 625/out/digits_0_625_row/sym_100.png,count,row,20,True,100,bbb7c266038c91ee0351cb7186a42f10a001be892372dc655ebf6503051795e5
101,sym_101.png,base 625/out/digits_0_625_row/sym_101.png,count,row,20,True,101,2da9d73d319112d2766a63754730d39107a890e182c2f945886e255afcd68f40
102,sym_102.png,base 625/out/digits_0_625_row/sym_102.png,count,row,20,True,102,67c3ee56033d2699e7a50ac2fa37c4aafaa46d22af5db4762a003c0ded83b7dd
103,sym_103.png,base 625/out/digits_0_625_row/sym_103.png,count,row,20,True,103,045f22e7483f29ffec87ff5381366279b817ecd0a5e9989fa6705fb450a5d414
104,sym_104.png,base 625/out/digits_0_625_row/sym_104.png,count,row,20,True,104,adb1bd9fe5a588a158e683f2f278473b5baf850252252ca6d8de947bef50ef54
105,sym_105.png,base 625/out/digits_0_625_row/sym_105.png,count,row,20,True,105,0f12064a98f8bba745a7b0bac209077df805eb1b03573598b4c94a0302109b0a
106,sym_106.png,base 625/out/digits_0_625_row/sym_106.png,count,row,20,True,106,b8628e311db8fa8836621228eff2fe587d3f391ae198088f45acd2c72cbee0ec
107,sym_107.png,base 625/out/digits_0_625_row/sym_107.png,count,row,20,True,107,3ba7e6a038519946a2f7cd2c01ccee92f1df091616afc3fb8faec720ecee7bf3
108,sym_108.png,base 625/out/digits_0_625_row/sym_108.png,count,row,20,True,108,a331e8beec679be966a0eb81fe41717806e5968317517d3de534e568db71e5e3
109,sym_109.png,base 625/out/digits_0_625_row/sym_109.png,count,row,20,True,109,41e8a6aeb9afb6ca77dd154237761f5167d018c0385263f971a3123c7dfd414f
110,sym_110.png,base 625/out/digits_0_625_row/sym_110.png,count,row,20,True,110,cc806adae244fc95cdd3a7dc20d6d2bb9c60191f9167ad008a7b5bbae98ef254
111,sym_111.png,base 625/out/digits_0_625_row/sym_111.png,count,row,20,True,111,8402f45a17fd28db5a0ab75520c95a571cee37224050b7ef14cee2b1b4ed8cb0
112,sym_112.png,base 625/out/digits_0_625_row/sym_112.png,count,row,20,True,112,8e6c048a21622b71edcf5bd543080249c72e6c52e890061abd05d44ccd74f1b2
113,sym_113.png,base 625/out/digits_0_625_row/sym_113.png,count,row,20,True,113,233213ad35f8dbfb8c9f67badce5eceee9a02d186062b7fd0183ca29ec3b90d2
114,sym_114.png,base 625/out/digits_0_625_row/sym_114.png,count,row,20,True,114,f07cc48ad31cabd94648e83f4553dcf1c61cb5d929ba13464029dfa0cc479a02
115,sym_115.png,base 625/out/digits_0_625_row/sym_115.png,count,row,20,True,115,57ef354a2c209622bba031ffb66c437eace962c7de35c32501583fef125a288b
116,sym_116.png,base 625/out/digits_0_625_row/sym_116.png,count,row,20,True,116,d1450271ba97797a62a5bc07749d0718cd84a137973fcd1189733f4978f3f264
117,sym_117.png,base 625/out/digits_0_625_row/sym_117.png,count,row,20,True,117,40e072a5dad21c9ddfc41fd80c15a24c2431d1fa9c76d7a4c97a4b6d55e7786e
118,sym_118.png,base 625/out/digits_0_625_row/sym_118.png,count,row,20,True,118,6b43a7ed5c5b718ae787f54bbb426a6644709948c21214f1c3005a52ee4e6dab
119,sym_119.png,base 625/out/digits_0_625_row/sym_119.png,count,row,20,True,119,991ad04135d2700b7db1d34fc7daa3a5dd1b27f0f854ed992537353d56c867a3
120,sym_120.png,base 625/out/digits_0_625_row/sym_120.png,count,row,20,True,120,8dc22897a3525cdfb5455b7b23cdf38b1b8cea348c22bc3c238e2904781b161e
121,sym_121.png,base 625/out/digits_0_625_row/sym_121.png,count,row,20,True,121,e51aaa23e36a59d905df48aff44eecaedc9296c7fa21fc8ea7a98cb4a2fb8573
122,sym_122.png,base 625/out/digits_0_625_row/sym_122.png,count,row,20,True,122,b595bb7f4af4285d5973a3d3967923159c8971d5fa18847a1d7db81624e28eb9
123,sym_123.png,base 625/out/digits_0_625_row/sym_123.png,count,row,20,True,123,b921f7e64b3cedb63780984cf03b751cf5ba4e6f2fe3e37054b4ef85605ad035
124,sym_124.png,base 625/out/digits_0_625_row/sym_124.png,count,row,20,True,124,f8780456ee587695d3e17d5e2d1a58f51a1b4c2be624a78f0448dd11ca14c53a
125,sym_125.png,base 625/out/digits_0_625_row/sym_125.png,count,row,20,True,125,3118b65c756f4098dde4bd2892a08ed326f8c4dfaacb47c6e9bea0306b996f18
126,sym_126.png,base 625/out/digits_0_625_row/sym_126.png,count,row,20,True,126,14401a5f3aac38c69fbdc43ac9506af4f88238d9ff5b7381729529a91117ff3a
127,sym_127.png,base 625/out/digits_0_625_row/sym_127.png,count,row,20,True,127,e12ea2ff2a49b7cf20416c5d90353cd398d3bfb46e6a86113f5f7f8f91aa4b1e
128,sym_128.png,base 625/out/digits_0_625_row/sym_128.png,count,row,20,True,128,1c99df377a55139f27acd9a8fa30cac9a5e6380dc8f9f69221b9dfddd6a0991e
129,sym_129.png,base 625/out/digits_0_625_row/sym_129.png,count,row,20,True,129,309aa3e8d4100e5dfea259f67c2870fd77608ee44ac9c7aa23699f7fe204d122
130,sym_130.png,base 625/out/digits_0_625_row/sym_130.png,count,row,20,True,130,9a092520513b9668e2dd95db4e418bbdd235f58e5748dd8aa16c0b8e475eb9e1
131,sym_131.png,base 625/out/digits_0_625_row/sym_131.png,count,row,20,True,131,274e9ac479b0c9dae588f4679c84d3c507ae9334f282aee891f30db21b568bb2
132,sym_132.png,base 625/out/digits_0_625_row/sym_132.png,count,row,20,True,132,cb461969ce5c480bae7a66bb85156228b68cb940cf168dfa6cbd499673722b4c
133,sym_133.png,base 625/out/digits_0_625_row/sym_133.png,count,row,20,True,133,28efefd7e2a8d1d419804fcf756f9818910afaa04ad6ac35aaae4a18817ca714
134,sym_134.png,base 625/out/digits_0_625_row/sym_134.png,count,row,20,True,134,2f6c9b4c56f3ef1b21c9d5e43a56ecc7fdc55bce07f447ecd6be694627c994f4
135,sym_135.png,base 625/out/digits_0_625_row/sym_135.png,count,row,20,True,135,40643f8f18b4df31bd6a7be70f69d6c4d45e0126f89afee82d3426e5991a923f
136,sym_136.png,base 625/out/digits_0_625_row/sym_136.png,count,row,20,True,136,85298b9dd0d1e4e52c1a6e96906e70d20307430aa4de3120bb56b9c708f97958
137,sym_137.png,base 625/out/digits_0_625_row/sym_137.png,count,row,20,True,137,fde638ecbc7c3cf04b2e47df082f1c898018035056dd7d51ce251f8df76d3160
138,sym_138.png,base 625/out/digits_0_625_row/sym_138.png,count,row,20,True,138,782afbcaaa3cd6dc9aaf0354c74ff44586ebe2c65f9c1ba18e434e4a0678338a
139,sym_139.png,base 625/out/digits_0_625_row/sym_139.png,count,row,20,True,139,7aa50fee31bceeb459eb213e9703f22d84c6673d78edc6532c4471a6371b7d09
140,sym_140.png,base 625/out/digits_0_625_row/sym_140.png,count,row,20,True,140,c486bf370e85cd4df6e30a1cb4d22bbd1a2054ce2fb9cf00f233cd088783c6ee
141,sym_141.png,base 625/out/digits_0_625_row/sym_141.png,count,row,20,True,141,50621072ba8088e04844e75fe6d9b87bfef96c9454945221c480955745c0152e
142,sym_142.png,base 625/out/digits_0_625_row/sym_142.png,count,row,20,True,142,b98a923dbc7a9218bba4a4499911f39461bd06e6b8a17221e1037bd4549e09b7
143,sym_143.png,base 625/out/digits_0_625_row/sym_143.png,count,row,20,True,143,1a88e1b1d45bef351d385c9b78cc3cc01f4bd2a24ee3476acba1f51c75a483c0
144,sym_144.png,base 625/out/digits_0_625_row/sym_144.png,count,row,20,True,144,6591ec9814ac3312f2eb3ee38014bc75794f16cdacfec4a6bc34335a4c7eb765
145,sym_145.png,base 625/out/digits_0_625_row/sym_145.png,count,row,20,True,145,dfeb9673dbab10fb1c5f64e62128d3c8ac016c63636c846f15e2c9d913d257eb
146,sym_146.png,base 625/out/digits_0_625_row/sym_146.png,count,row,20,True,146,847d438ce6127bcb4a8e252f04a640376a4335edfd63b1b9556799ef1ed87b7e
147,sym_147.png,base 625/out/digits_0_625_row/sym_147.png,count,row,20,True,147,b748ce4147b10ce2b6c933bce37cc84deb5672a6acdf81d83752986d65c506d3
148,sym_148.png,base 625/out/digits_0_625_row/sym_148.png,count,row,20,True,148,1c1b14fbdc4308f42614c98ffaed403dadeb8ade398228385f6dda80f85a584d
149,sym_149.png,base 625/out/digits_0_625_row/sym_149.png,count,row,20,True,149,4d5fccef40cada0dc6f2b94cbc3221e9382f416c61861df9f6326b9f45f433b5
150,sym_150.png,base 625/out/digits_0_625_row/sym_150.png,count,row,20,True,150,7566dfd0c5b099ae9afecf7d20fe4d51a5070eecd6f705df60ae1216b5d2022a
151,sym_151.png,base 625/out/digits_0_625_row/sym_151.png,count,row,20,True,151,99b30322999d7d950e699166484e8df9ef2a601b161341d9aa2e63123314fbdd
152,sym_152.png,base 625/out/digits_0_625_row/sym_152.png,count,row,20,True,152,5704b872641516b786c70f5aa7369828f28ab732449a70b48a8110bcf097cf3e
153,sym_153.png,base 625/out/digits_0_625_row/sym_153.png,count,row,20,True,153,6adf739a9986cc7e88fc1e8e2a37afd1bfaec65d1b9313efda50cf6bad73d175
154,sym_154.png,base 625/out/digits_0_625_row/sym_154.png,count,row,20,True,154,020b6a8a4802921e96d9277e096bd0fd75fd24c22e42fae132603d823ad9d477
155,sym_155.png,base 625/out/digits_0_625_row/sym_155.png,count,row,20,True,155,eb58673a60587703b0706b4663be37018251f95290ffdc693071c425f0bc53f7
156,sym_156.png,base 625/out/digits_0_625_row/sym_156.png,count,row,20,True,156,da3ec17f3d2c524d3217ee9b41fbf34155b20d810277ea79f155983e4cb2ab7c
157,sym_157.png,base 625/out/digits_0_625_row/sym_157.png,count,row,20,True,157,a5a6be517dd9b03bb303bad5e83389792317bc1729b8ed19616cbe72c6aee9cd
158,sym_158.png,base 625/out/digits_0_625_row/sym_158.png,count,row,20,True,158,aa4130bfa4e85219de7ef828e06ea576ef8bc39709012d7e7813a3ae4012b1bc
159,sym_159.png,base 625/out/digits_0_625_row/sym_159.png,count,row,20,True,159,1c0e17c3ac9ddea8027bd719a1f4438bb4140675497dda3c3010855a7aae8a38
160,sym_160.png,base 625/out/digits_0_625_row/sym_160.png,count,row,20,True,160,f18ebcad25ba2d3c2994fff1ee559221fa6f5ff6e37097bb8d5266afb4560b3f
161,sym_161.png,base 625/out/digits_0_625_row/sym_161.png,count,row,20,True,161,0ef5355cd5c50a2c9d16eb1c7ce43f5d5081b52ef672c165e17a468b47f344fe
162,sym_162.png,base 625/out/digits_0_625_row/sym_162.png,count,row,20,True,162,96b539e4fb0ec660ed4836fafa2b511e30173decd4dee593642977936e31abc4
163,sym_163.png,base 625/out/digits_0_625_row/sym_163.png,count,row,20,True,163,f30de6be83c565369b7e7e8040f4e12e1f8284a730dd86d0330cc6bf8db58756
164,sym_164.png,base 625/out/digits_0_625_row/sym_164.png,count,row,20,True,164,abdcc02b6d2c02f654211a7266259dffa99dbc8ce7f064a5b9158773b48689aa
165,sym_165.png,base 625/out/digits_0_625_row/sym_165.png,count,row,20,True,165,feddf217c2c64f9a431158d9863b148d2f4b5c9bd6dc8aad26a1865ec5c72f89
166,sym_166.png,base 625/out/digits_0_625_row/sym_166.png,count,row,20,True,166,90e0fff4192a7eb16f0ec6a62cc9b635a57eb4f1aaea27ec756df9432e14f6e0
167,sym_167.png,base 625/out/digits_0_625_row/sym_167.png,count,row,20,True,167,8d376c5159f7348f3267180acd601a6d0dc8af4e56884374cc9c5c9d09353e54
168,sym_168.png,base 625/out/digits_0_625_row/sym_168.png,count,row,20,True,168,ca9cdf9a5106d0d7ec313baec97c1770d25fda88e8e21443e36aec177f29454b
169,sym_169.png,base 625/out/digits_0_625_row/sym_169.png,count,row,20,True,169,9ccc0f4d1ab2183debdb923bc1d6e39af184e1feb74ab81e5c1fb0b11836c7c2
170,sym_170.png,base 625/out/digits_0_625_row/sym_170.png,count,row,20,True,170,088ac06b552b0bce2d6b1e98a3381a2435fc3d94e579c0cd8bfe6c1d48bd9613
171,sym_171.png,base 625/out/digits_0_625_row/sym_171.png,count,row,20,True,171,bb7f8fff539853e1474fc7556646880187c9253165116ae38f5365fb31478291
172,sym_172.png,base 625/out/digits_0_625_row/sym_172.png,count,row,20,True,172,73dcde2594a97984e16e71ef35269afcb0f07b6e59046d0b28052e9a8764c994
173,sym_173.png,base 625/out/digits_0_625_row/sym_173.png,count,row,20,True,173,c5bfe8ef69b03f10985f1374be7d47cc981d43d0e9f10fe03d3dc15ca274ab44
174,sym_174.png,base 625/out/digits_0_625_row/sym_174.png,count,row,20,True,174,5b51b75edcf1d6812775928891eb113927ccca2228e81560ad047bbb51036ec0
175,sym_175.png,base 625/out/digits_0_625_row/sym_175.png,count,row,20,True,175,ceb186aee3079c7517c4903040b0af0db15057122d48844dbd9782e35841f45d
176,sym_176.png,base 625/out/digits_0_625_row/sym_176.png,count,row,20,True,176,264a7f8bc29a630d8ab32e9b402e9a9646592cb83191444c0f1e51430649228f
177,sym_177.png,base 625/out/digits_0_625_row/sym_177.png,count,row,20,True,177,544a86b9aa2e030e850609b56a234bccb258476e893bb010142b1898aed2ad36
178,sym_178.png,base 625/out/digits_0_625_row/sym_178.png,count,row,20,True,178,6288943e066525289c9d8158411658c46a6151c30c2d64f114804f67c51bf82f
179,sym_179.png,base 625/out/digits_0_625_row/sym_179.png,count,row,20,True,179,52d8b00744465070ae895f914108f7f23b7a09ba04d1b8f0844382ca81ff0b1a
180,sym_180.png,base 625/out/digits_0_625_row/sym_180.png,count,row,20,True,180,63b7b73da65651cbc49104073091a02a97af251014192c9d2aa3d795918d0104
181,sym_181.png,base 625/out/digits_0_625_row/sym_181.png,count,row,20,True,181,0971a501cff9aec8acae9f112b35d3c8e77a8280b6ec3064c2eb8933ab110a73
182,sym_182.png,base 625/out/digits_0_625_row/sym_182.png,count,row,20,True,182,d84e149d8c63c36fc4b3c4f962a80cd311b47a20146d5cc1961c9b9d24bc8431
183,sym_183.png,base 625/out/digits_0_625_row/sym_183.png,count,row,20,True,183,9994b2fd1dab4094bd36a0454f0d7b8b226845013f49435edb9b8f7521996605
184,sym_184.png,base 625/out/digits_0_625_row/sym_184.png,count,row,20,True,184,9764355d60bedb223abf55dcab05367a55f636738c1299c9c3bd1611fdbfd73f
185,sym_185.png,base 625/out/digits_0_625_row/sym_185.png,count,row,20,True,185,ddc2bf3d588b4fbbbae01ec4103ae243bc292603c2884f68ec3e7f7c9e4861a0
186,sym_186.png,base 625/out/digits_0_625_row/sym_186.png,count,row,20,True,186,9104c549fe4cce38576c6a8a6919fc1a3af4099e83e74a7137e067b886fa5df6
187,sym_187.png,base 625/out/digits_0_625_row/sym_187.png,count,row,20,True,187,6df14997d44b84c62bb7a243b28e4a6021f43473ed9ac9e3a34a62b176e8f2a3
188,sym_188.png,base 625/out/digits_0_625_row/sym_188.png,count,row,20,True,188,aa6a7043562beb0d42a1aca5876e3e7aa2520c8d9d78cc66ec9231dd680eda2b
189,sym_189.png,base 625/out/digits_0_625_row/sym_189.png,count,row,20,True,189,88281714bf66e84a28a073882250fb3a9ec599ff6e01db9c094ccc3a2aa51fe5
190,sym_190.png,base 625/out/digits_0_625_row/sym_190.png,count,row,20,True,190,ae11707ca57bdc4f5c6a0d857e660450ad1320b9f626e28f4347c449c8ca1d81
191,sym_191.png,base 625/out/digits_0_625_row/sym_191.png,count,row,20,True,191,12c4cbdd66fe2bfbd94512dd4091aba6c8fb60fc4f151f23985b28a71d66b7fb
192,sym_192.png,base 625/out/digits_0_625_row/sym_192.png,count,row,20,True,192,b50fb4cc1a93d3bebe53d1b26e9201c9579e8341c5fa9d609052a1b0d8c06816
193,sym_193.png,base 625/out/digits_0_625_row/sym_193.png,count,row,20,True,193,44c86e83de91cffcaea5aa7e40d8ee58dfca3170cd0e0d0b6f0ff268db143f5a
194,sym_194.png,base 625/out/digits_0_625_row/sym_194.png,count,row,20,True,194,0030599f50c07078c73eb9b2916e03f2f6d2c51057e85f87194efbf7bf33dcab
195,sym_195.png,base 625/out/digits_0_625_row/sym_195.png,count,row,20,True,195,2e3b469dbce66c37375be7b94258a9db62def82d46e2374682d0c8f72e83db61
196,sym_196.png,base 625/out/digits_0_625_row/sym_196.png,count,row,20,True,196,c67ae9116ca1c176db1e22a2c98096da4d3b27e0c1790065d1ce6fd72ac02ee8
197,sym_197.png,base 625/out/digits_0_625_row/sym_197.png,count,row,20,True,197,496b83c1a6675ae78e19abb6ada66049265dbcd412715bcf87b9778b2dc89f91
198,sym_198.png,base 625/out/digits_0_625_row/sym_198.png,count,row,20,True,198,a97b66eaeca427ab8b66930d45880dcacf41837169d9a7c74a948a6861299921
199,sym_199.png,base 625/out/digits_0_625_row/sym_199.png,count,row,20,True,199,baa8b4fee65e6195d5686ef8df6535e87b3e16724f7099a1185e73e0d6616349
200,sym_200.png,base 625/out/digits_0_625_row/sym_200.png,count,row,20,True,200,c273dab903a8bdd560c42142c300bee62db3bd450164b6e95be4c86985b04a54
201,sym_201.png,base 625/out/digits_0_625_row/sym_201.png,count,row,20,True,201,e4b97f4d51ef98fff90044b66b03334d0374dcf40a57f548f71ec6d025abde34
202,sym_202.png,base 625/out/digits_0_625_row/sym_202.png,count,row,20,True,202,51cd852ac4c9695a90453137eadbebaab3990e9ff4e7f7ab4d1183223e506e6d
203,sym_203.png,base 625/out/digits_0_625_row/sym_203.png,count,row,20,True,203,a1b8d6d1da7de48c5b90be5803f6810e942fa09546a437bcdf626d453f16a113
204,sym_204.png,base 625/out/digits_0_625_row/sym_204.png,count,row,20,True,204,dd0e7a75f449c7c1f5abb9d7d134bb84c2da1c413519d467c55ebcfd047b949f
205,sym_205.png,base 625/out/digits_0_625_row/sym_205.png,count,row,20,True,205,9ea68c6c8f0323594d56089c4e99b92453267b71c8c42d59119aa171cdaf8c45
206,sym_206.png,base 625/out/digits_0_625_row/sym_206.png,count,row,20,True,206,a4679b7cdee9e646e0bbf063720441e906b164fd274881ce12e80e72c792721f
207,sym_207.png,base 625/out/digits_0_625_row/sym_207.png,count,row,20,True,207,af6e6c2e45e60fe0ed1e59b4b3d507aa739df0ec045e2b399f1a42261c1bb156
208,sym_208.png,base 625/out/digits_0_625_row/sym_208.png,count,row,20,True,208,dd18da2ec2f9e9742c8137464ac4f26f5f0bcae838d027439bd886016b5aadd8
209,sym_209.png,base 625/out/digits_0_625_row/sym_209.png,count,row,20,True,209,0fc5c70c7cf82b47c4977d5f9c803f935da522b24587b99f951c04e7dd42f583
210,sym_210.png,base 625/out/digits_0_625_row/sym_210.png,count,row,20,True,210,b0626ff8a54fbc8358a8d704c10b5fc720e93142b1489a43982495c108794f9a
211,sym_211.png,base 625/out/digits_0_625_row/sym_211.png,count,row,20,True,211,f6ff00b0599013955fc7ebbd958c66139804f5c9e82e4ea979cc7f93d3647835
212,sym_212.png,base 625/out/digits_0_625_row/sym_212.png,count,row,20,True,212,4902899a90a7bb544b76aa7204192fb0c3b99d28b41a0e8656446e9620616373
213,sym_213.png,base 625/out/digits_0_625_row/sym_213.png,count,row,20,True,213,fc954b7a30196d9b10f815fe10212cbffdb4037059352ed9b0ed70c18827a997
214,sym_214.png,base 625/out/digits_0_625_row/sym_214.png,count,row,20,True,214,68d996761632ebd5273950ae2bb9517e4c4d2cc7a914e068893941ec8f203b71
215,sym_215.png,base 625/out/digits_0_625_row/sym_215.png,count,row,20,True,215,2e0451fdbf448249fa3cb85d0997f6db643667e5b34b78cb24d3fafcdcb2bac1
216,sym_216.png,base 625/out/digits_0_625_row/sym_216.png,count,row,20,True,216,89d5d8c1e5e1f3ce83a436345975223a5168db1987d7e68330646daebc79c78e
217,sym_217.png,base 625/out/digits_0_625_row/sym_217.png,count,row,20,True,217,f5f31e7b001cea89a304067659b9b928910db7c9e160cc7c056e85b464a0d015
218,sym_218.png,base 625/out/digits_0_625_row/sym_218.png,count,row,20,True,218,59b68421aa45e8fc9e9f93b18ff616b92e610fdf01e4f6f7805b4ce5566e43bf
219,sym_219.png,base 625/out/digits_0_625_row/sym_219.png,count,row,20,True,219,a860ea8135980d5190608f8e72a7b935fd089f635d73f67389bc9ba4bde987ee
220,sym_220.png,base 625/out/digits_0_625_row/sym_220.png,count,row,20,True,220,787090b53124ac97cb1834f34d6ecec2981b90b6115dc27f496655fb62705253
221,sym_221.png,base 625/out/digits_0_625_row/sym_221.png,count,row,20,True,221,645533c9420d10b7530588344e1e6e283435c1b1bc5cb8ff48f45943d496c555
222,sym_222.png,base 625/out/digits_0_625_row/sym_222.png,count,row,20,True,222,d6a7ae9775d1b307bf11f32032e8fb4436c1aecac727d273056df984c2464499
223,sym_223.png,base 625/out/digits_0_625_row/sym_223.png,count,row,20,True,223,0b41a5bf857c17cf657b4de0ee4cc366ee690c42b03db6b0ba717f91c0139021
224,sym_224.png,base 625/out/digits_0_625_row/sym_224.png,count,row,20,True,224,fa35bf1b90b0b5eb645a5b1f143d0ef5c73a987446bfd487a02203b3eb406ea1
225,sym_225.png,base 625/out/digits_0_625_row/sym_225.png,count,row,20,True,225,b9703469a93ee2d83c92c57bb9d18257440a9b6495d231830f93693806651b03
226,sym_226.png,base 625/out/digits_0_625_row/sym_226.png,count,row,20,True,226,5823bd492db30b2587fc636edf49c3f7092d877025359df829202940a7286c9b
227,sym_227.png,base 625/out/digits_0_625_row/sym_227.png,count,row,20,True,227,5531ba0896fc803ea37ed69a3512ca179ffb074051d9a0dcd07839a25cdcbdbc
228,sym_228.png,base 625/out/digits_0_625_row/sym_228.png,count,row,20,True,228,eb26e4f9f2ecafad18a21f295877c6023b7e98b129f9d661effc99f3f96fdfca
229,sym_229.png,base 625/out/digits_0_625_row/sym_229.png,count,row,20,True,229,7704d4ff8e23ea2baabd7e3be9eba64db88a1d36d10e7eb55c15a18a9b19cc65
230,sym_230.png,base 625/out/digits_0_625_row/sym_230.png,count,row,20,True,230,e28dcc2d88069fc0f9c11f35daeb6e061b21fde0d207fee50263fc8c37765a70
231,sym_231.png,base 625/out/digits_0_625_row/sym_231.png,count,row,20,True,231,bc389e5e5238f7b1cb6b1906325fa5075b30ac7cbc3aebf0d5358bf8373d27aa
232,sym_232.png,base 625/out/digits_0_625_row/sym_232.png,count,row,20,True,232,cb854522b8dfbc33c027f50badee3e12d5a11ca8d4d765e0a1fc87ebafff838b
233,sym_233.png,base 625/out/digits_0_625_row/sym_233.png,count,row,20,True,233,b49d327e27fbdf922fe34a593a6da075c6fb28b1bd20432d660664ccfb1d7c06
234,sym_234.png,base 625/out/digits_0_625_row/sym_234.png,count,row,20,True,234,24e9fc7f48eac8c4415eab2eb4c7f2afe7725e02178600f96f26e244eb86b60f
235,sym_235.png,base 625/out/digits_0_625_row/sym_235.png,count,row,20,True,235,92e33a71f5c6bc5f48d8cc634a2ef0d506aa59f3ed3353c3c173bfadcbaf09e7
236,sym_236.png,base 625/out/digits_0_625_row/sym_236.png,count,row,20,True,236,fdad072c2c24b832bbf4d555221c109a789a580344ff69a79924187010af8b7e
237,sym_237.png,base 625/out/digits_0_625_row/sym_237.png,count,row,20,True,237,b181d8a2c21f1f0630e91a42be374439b74006937b7c19d46ba717cc8fba917c
238,sym_238.png,base 625/out/digits_0_625_row/sym_238.png,count,row,20,True,238,723e1c7cad7d9727f3d044560a1682e42a3da60f04f2d5af7df310f3b1e89b2e
239,sym_239.png,base 625/out/digits_0_625_row/sym_239.png,count,row,20,True,239,e1775cac301c520b639effe4c4aeb1dde47247c139f432b8488d456af93eeb26
240,sym_240.png,base 625/out/digits_0_625_row/sym_240.png,count,row,20,True,240,33f708ff2935e8c6cdfb489f98b39dda79d1867f8ab7bb3e048de46c5942b088
241,sym_241.png,base 625/out/digits_0_625_row/sym_241.png,count,row,20,True,241,1fa3bbe55fca88ef604f10bf06c48eb75c24149cd57a848b51f181a48c7ce336
242,sym_242.png,base 625/out/digits_0_625_row/sym_242.png,count,row,20,True,242,bf3d142499ac193fa68c6134c8169fc07cdf83f00dd96902194cad18fffb9cef
243,sym_243.png,base 625/out/digits_0_625_row/sym_243.png,count,row,20,True,243,d791df169f8f7deb327380278c89b81c5576ba2f7d872944b7ddd2cfc71da5ef
244,sym_244.png,base 625/out/digits_0_625_row/sym_244.png,count,row,20,True,244,a7b7f6b13329f9180d2289ece2a6df25caf12e0dee25e6dbed8f77acf1317356
245,sym_245.png,base 625/out/digits_0_625_row/sym_245.png,count,row,20,True,245,6f7d7fce176ca50be0f6486cd1767ffbf778a879b6409cfa5ca78c3a73f60233
246,sym_246.png,base 625/out/digits_0_625_row/sym_246.png,count,row,20,True,246,31462cb3d62879a0f584a9c6697ab7e94e6391102a5b662427b58093b7594825
247,sym_247.png,base 625/out/digits_0_625_row/sym_247.png,count,row,20,True,247,05e9de5176e553ed9daebcfcc5c0cde19fc26e33a04027e15d9a1ad884c87d06
248,sym_248.png,base 625/out/digits_0_625_row/sym_248.png,count,row,20,True,248,28d9799e9ae05786e034bc4a6a165f7fa7b8f377a88bc32f504ddfe5b229078e
249,sym_249.png,base 625/out/digits_0_625_row/sym_249.png,count,row,20,True,249,9ac7092d200f1efd899867bf3cbbdb663de41503b3ef3a17617295aa8e5cbadd
250,sym_250.png,base 625/out/digits_0_625_row/sym_250.png,count,row,20,True,250,6664178d00314ebe21c7785563d147c31b28ef05ed8e9091f6be02f34c95eaa5
251,sym_251.png,base 625/out/digits_0_625_row/sym_251.png,count,row,20,True,251,617e015a3baf4987c94f13b42e5fba535eabc774d14f1daede05dc8093369ca5
252,sym_252.png,base 625/out/digits_0_625_row/sym_252.png,count,row,20,True,252,1d1009c197aeb3b1b04e1eff0a9148c154f7f337e2687b42aeee561620b59e67
253,sym_253.png,base 625/out/digits_0_625_row/sym_253.png,count,row,20,True,253,39288d9f03bd98ad95d606bd69991a7ef14b745391b111506a77a7bae62f8c19
254,sym_254.png,base 625/out/digits_0_625_row/sym_254.png,count,row,20,True,254,3516c839ab7ccebc930817f5648218d155467f14aff17bf970bb419056b4cea4
255,sym_255.png,base 625/out/digits_0_625_row/sym_255.png,count,row,20,True,255,c385ff5ce4269f61f9bb3efd79c9acaff67fa4d94cdcc2cd2ba3369fd8d6cc54
256,sym_256.png,base 625/out/digits_0_625_row/sym_256.png,count,row,20,True,256,e2503217c772d1b22c560da50066bc78f76227da36262f02c0ce5a2eab7c0e69
257,sym_257.png,base 625/out/digits_0_625_row/sym_257.png,count,row,20,True,257,6720815bef89238542d3df4f8fbe448b456eb68f10762cc6eb50333327efcb06
258,sym_258.png,base 625/out/digits_0_625_row/sym_258.png,count,row,20,True,258,ee6ca4df1b550eba78d654b4deed5cdf034539c0cba4463498883c85f9978d58
259,sym_259.png,base 625/out/digits_0_625_row/sym_259.png,count,row,20,True,259,37b62ca0cac98dc14c46ec3dd458ca390e8e3704f03adf3006ec961aff278f12
260,sym_260.png,base 625/out/digits_0_625_row/sym_260.png,count,row,20,True,260,9eb7e64f3fff0579eb9e31ce9365d68737558c230677dbecd0c89d9b0ee586d0
261,sym_261.png,base 625/out/digits_0_625_row/sym_261.png,count,row,20,True,261,d3b22749d3e7e31ce811092c5497a9c3a49eadc75df4dcdc61fc55a7656fa966
262,sym_262.png,base 625/out/digits_0_625_row/sym_262.png,count,row,20,True,262,078309054ce9dd9a58aecb68734f6c7ad012b27135d875f49974800879032018
263,sym_263.png,base 625/out/digits_0_625_row/sym_263.png,count,row,20,True,263,86125af2c6bb01da709ef6d0d13d51550d94b5d0ac7bca1e5c3b80ab07e6d751
264,sym_264.png,base 625/out/digits_0_625_row/sym_264.png,count,row,20,True,264,d02325e28af19acaff751deaea2a30368ec2bad850a1e898356494ea40fa03c5
265,sym_265.png,base 625/out/digits_0_625_row/sym_265.png,count,row,20,True,265,a78aa337d9fcfe63a876f88752ce27225707a34519025d6b85594282f4ea3d07
266,sym_266.png,base 625/out/digits_0_625_row/sym_266.png,count,row,20,True,266,45bcc0d533ef00d0ebc37cef950aa1517111fd6c434dfa783042a25eef274ac4
267,sym_267.png,base 625/out/digits_0_625_row/sym_267.png,count,row,20,True,267,2753375b141147e23ce7abb31efe5d425be9f2e79919de6fc8b88082a9425afe
268,sym_268.png,base 625/out/digits_0_625_row/sym_268.png,count,row,20,True,268,032ec44a43ebceaf39b918d4450d849334b7b4ac8ab4a5c592cbfa3d93e510b2
269,sym_269.png,base 625/out/digits_0_625_row/sym_269.png,count,row,20,True,269,290d4e74d9199a69a084292c84eb7a5e66b9ff8d02edb20142d1016d85cfd159
270,sym_270.png,base 625/out/digits_0_625_row/sym_270.png,count,row,20,True,270,97e53928a47fbce8495d30464e27e21b75f636ffcc87599d57ffb14a77d3ebb2
271,sym_271.png,base 625/out/digits_0_625_row/sym_271.png,count,row,20,True,271,70a6912e3d7dbebea23cfeb92fe15d0a237026e7294dcde19d268e4821992a28
272,sym_272.png,base 625/out/digits_0_625_row/sym_272.png,count,row,20,True,272,a0fed0854d85ccffa285a82f2c918290093c4afe2f222a8f70691edd86c84c8e
273,sym_273.png,base 625/out/digits_0_625_row/sym_273.png,count,row,20,True,273,972a68e58122c858794dae9ba5b7ed52cba295725b6dbc26c8991d89417bba9b
274,sym_274.png,base 625/out/digits_0_625_row/sym_274.png,count,row,20,True,274,8aa18640b4b3969779499c9ca513b7ffc229817ad74fcdcc7731321806c148e9
275,sym_275.png,base 625/out/digits_0_625_row/sym_275.png,count,row,20,True,275,0bce0f13fd93fa84d63486c7ddd02cd5d2623d113aab5c46fa99b5290a116b64
276,sym_276.png,base 625/out/digits_0_625_row/sym_276.png,count,row,20,True,276,bf83c56a5a32ef43464270d3834fa2e9ed42f3c285a947c6a6c25594bfa53222
277,sym_277.png,base 625/out/digits_0_625_row/sym_277.png,count,row,20,True,277,563c6b572ea938b47962e05f65d801de69b7740e8c49bb4557e57e28d5b6cf51
278,sym_278.png,base 625/out/digits_0_625_row/sym_278.png,count,row,20,True,278,15fcdaaa693a190d49b01001f169fe4a286d4c37bd9a993d56e3eaccf63769a6
279,sym_279.png,base 625/out/digits_0_625_row/sym_279.png,count,row,20,True,279,113e438887d4524788357feb1f94dca798df4bb1afce84884a846a9601c2dee0
280,sym_280.png,base 625/out/digits_0_625_row/sym_280.png,count,row,20,True,280,56750817dc77bccc65b748e691d1769a26deac30b5ddc06034ea73a1ddb1eeb7
281,sym_281.png,base 625/out/digits_0_625_row/sym_281.png,count,row,20,True,281,e2cb4d2537184603dded7e0c31c6575277da7ef9a235cbf8d7705a869a9d757d
282,sym_282.png,base 625/out/digits_0_625_row/sym_282.png,count,row,20,True,282,e017cb725fbcbb6f0b88a885b0cbeb9952ede177d5f6c14ede1f6961d11de831
283,sym_283.png,base 625/out/digits_0_625_row/sym_283.png,count,row,20,True,283,225d36f6bbfae42b85e652101837cba1036f5e7b093b5e2f3f5e24b6d8ad12e2
284,sym_284.png,base 625/out/digits_0_625_row/sym_284.png,count,row,20,True,284,a9a3a7b990c50b6aef2ca0260e589daf708d913059740d087b7ee3ef7412a8cc
285,sym_285.png,base 625/out/digits_0_625_row/sym_285.png,count,row,20,True,285,2a767bb3de5f6e856949742a14fdbc1a92fcd0c85e6af7924ac3157537530f70
286,sym_286.png,base 625/out/digits_0_625_row/sym_286.png,count,row,20,True,286,9fbd3784398ba6540b9278eb89f39921293da7cf5c77000300cba90900fcb3d8
287,sym_287.png,base 625/out/digits_0_625_row/sym_287.png,count,row,20,True,287,e5b574ab97846d6b8c6fd8883e295014a8c8bf7dd736527cb2d24f4fd4207be4
288,sym_288.png,base 625/out/digits_0_625_row/sym_288.png,count,row,20,True,288,2132b6151f16e2c63ded6cc791504c817b090e7b85bfdf7e7030fe3f10722c3e
289,sym_289.png,base 625/out/digits_0_625_row/sym_289.png,count,row,20,True,289,e5548ee35d72585941dd18e645bf694380cb5eb8696ac7865bca8a303718305d
290,sym_290.png,base 625/out/digits_0_625_row/sym_290.png,count,row,20,True,290,0149dbba2cb26b0d1f1cd9cfb66225b6ef83d10f05a0ab6eb7be983a1f2b8ac5
291,sym_291.png,base 625/out/digits_0_625_row/sym_291.png,count,row,20,True,291,f8c82455a4584908646fae7515513ad9789b9cd8569bc05be969e84ee4e6c8bd
292,sym_292.png,base 625/out/digits_0_625_row/sym_292.png,count,row,20,True,292,592be0aca546937d27ad2b3d0be57d28e00a1e6d22cd93ea26561d1f74ea3a7f
293,sym_293.png,base 625/out/digits_0_625_row/sym_293.png,count,row,20,True,293,994ecf2603d9bee1e3d6a7bf19f341efd8bc0c28ab6a4dc6549369955c19471d
294,sym_294.png,base 625/out/digits_0_625_row/sym_294.png,count,row,20,True,294,32b3b8110f1df6bd149c02571eeabd8d62f792ad60051eb952cdf53ea7754f9e
295,sym_295.png,base 625/out/digits_0_625_row/sym_295.png,count,row,20,True,295,b566186dc48294a7c5b2ff331d7cf6212c1c2fc5fc55b67a44ee031dada6951d
296,sym_296.png,base 625/out/digits_0_625_row/sym_296.png,count,row,20,True,296,e2534bfe384f1e3a892d6c6207b763961525856084d735ad337c5458ba0d2fd5
297,sym_297.png,base 625/out/digits_0_625_row/sym_297.png,count,row,20,True,297,ae77e716c7474ef6b0a53b0f16c6a0e1a5946a46a0e9298fea5110ca70b89d1d
298,sym_298.png,base 625/out/digits_0_625_row/sym_298.png,count,row,20,True,298,9d45050fe2472c460a1d3e59023c54014f01d020390e4bc9a588a39665e8b74e
299,sym_299.png,base 625/out/digits_0_625_row/sym_299.png,count,row,20,True,299,2674a0dea91650980ca47eddce7ca17e429cce111b8163bc0d79adc33e4e2e6d
300,sym_300.png,base 625/out/digits_0_625_row/sym_300.png,count,row,20,True,300,1d42f47761077a037bc107b85120fa64b385fb0374f9ae137b6ab6a6c25520a9
301,sym_301.png,base 625/out/digits_0_625_row/sym_301.png,count,row,20,True,301,737b4bfaa76bd69c86b0ddf6657c329106bb97aecb17c043e201375c68d78810
302,sym_302.png,base 625/out/digits_0_625_row/sym_302.png,count,row,20,True,302,abb6740d176836723b70319f86c71ace4a79facd4a09505959451fc64211c842
303,sym_303.png,base 625/out/digits_0_625_row/sym_303.png,count,row,20,True,303,9d3ceccfff5e2682bd06377eddde446c98fc071aab32fdb1e9f3051e9d3faf45
304,sym_304.png,base 625/out/digits_0_625_row/sym_304.png,count,row,20,True,304,ac0aea9ce2dad176b8d4d0f69edbca236060ad88870ee6df7c758c6223b806ad
305,sym_305.png,base 625/out/digits_0_625_row/sym_305.png,count,row,20,True,305,29c4c1e4ee67b5c865f0d69aeb0a4451968814d95938c04c4a07d0d39ea7ec1c
306,sym_306.png,base 625/out/digits_0_625_row/sym_306.png,count,row,20,True,306,b1993aa6ab247d6f0c41528302b9dd8c149a53fab8f63b6a84a0a5993fce1fe1
307,sym_307.png,base 625/out/digits_0_625_row/sym_307.png,count,row,20,True,307,02be64835d0697f92d447e633777535438d26667156dc5389cab7a4b1623dff0
308,sym_308.png,base 625/out/digits_0_625_row/sym_308.png,count,row,20,True,308,cbc785cfe1be77548ffe07937148362f75f2b8f522062d739da81afd057b8906
309,sym_309.png,base 625/out/digits_0_625_row/sym_309.png,count,row,20,True,309,a5bba2c7e49ad88d1ecef0b6a229db99f8e603a89c4270d6f0e8dafc416f5f4d
310,sym_310.png,base 625/out/digits_0_625_row/sym_310.png,count,row,20,True,310,a2b9d7b4e0204e756c96513e6d270705708953a018ae1472d2277cd4e5a5942f
311,sym_311.png,base 625/out/digits_0_625_row/sym_311.png,count,row,20,True,311,72045376b7b24ee611b061e1169f352cca728ce671ee0f3aae5cb765a7b41682
312,sym_312.png,base 625/out/digits_0_625_row/sym_312.png,count,row,20,True,312,75fdef744c7b9fe43c147616c8745e2bf56948d5abcc80bed7e29b882cd2454b
313,sym_313.png,base 625/out/digits_0_625_row/sym_313.png,count,row,20,True,313,4824ae7f01dae9f5a12493a87afc75b136469bd24fbace83410d2044dae27743
314,sym_314.png,base 625/out/digits_0_625_row/sym_314.png,count,row,20,True,314,c2dd4d74ec305e2b1b827c33bbacd607c4814bd05fa022d5fc9cf89e3cc28016
315,sym_315.png,base 625/out/digits_0_625_row/sym_315.png,count,row,20,True,315,09b138377b6cea374bf39756b7f63da2f8025f94e9558aaeafbca12fae858d19
316,sym_316.png,base 625/out/digits_0_625_row/sym_316.png,count,row,20,True,316,944ffd892f7745ff2322752b0aaf0aaeed51230d2a3e1099ace92d2d118a3693
317,sym_317.png,base 625/out/digits_0_625_row/sym_317.png,count,row,20,True,317,acf583b74c7df395a8344aafce8ec45bdf918c412ccafa20accea0ebe4c95ec9
318,sym_318.png,base 625/out/digits_0_625_row/sym_318.png,count,row,20,True,318,026450b5a3f2d43878e2ce9f9838f75352e72199eee36ee72c50e2bb90a88f0d
319,sym_319.png,base 625/out/digits_0_625_row/sym_319.png,count,row,20,True,319,5deacfce192e5c4961e64ac270d2298632abea08b5e9267d67a7f146538b0f0f
320,sym_320.png,base 625/out/digits_0_625_row/sym_320.png,count,row,20,True,320,3394098b7ca169046232cf2dc5f63d9102f1f1c07d34978b96f9a3c02db51031
321,sym_321.png,base 625/out/digits_0_625_row/sym_321.png,count,row,20,True,321,44fa6a345e83a825de01d40dff230ff245d62ab6fc1f9dda7b11918987ac80c4
322,sym_322.png,base 625/out/digits_0_625_row/sym_322.png,count,row,20,True,322,8be5f22d8f04f40bc4438d842fd990bcae7bfcf2735528f1965334d72e2333b5
323,sym_323.png,base 625/out/digits_0_625_row/sym_323.png,count,row,20,True,323,523706a24caf3afa3e57f46e9c2f9b96a5dc98adccd3cb810c0b0a3833e4e406
324,sym_324.png,base 625/out/digits_0_625_row/sym_324.png,count,row,20,True,324,de3f5c87fdd2ed80197b87efeb07006f4d392664ab6d6ce980f243c603146bee
325,sym_325.png,base 625/out/digits_0_625_row/sym_325.png,count,row,20,True,325,bac3db56a928857423747656ce55934e1caf2c94bb8254c3293ebdea354ad60b
326,sym_326.png,base 625/out/digits_0_625_row/sym_326.png,count,row,20,True,326,76e83cde535d5695d8abd0faf95f487103c20dc19508c8d859d66386e8c1aca5
327,sym_327.png,base 625/out/digits_0_625_row/sym_327.png,count,row,20,True,327,52b381438f8bb33fded39266b4e97fd79b3397865c13eb9bb035d38a4e2c8063
328,sym_328.png,base 625/out/digits_0_625_row/sym_328.png,count,row,20,True,328,711969ac408fcbce433f17267f914373ea0e621b59779916e36d55faf55a5993
329,sym_329.png,base 625/out/digits_0_625_row/sym_329.png,count,row,20,True,329,0d3249aebc13ddc6c65e8fa6a0cb66ffe981dc99cd894387f7c653da0983da2b
330,sym_330.png,base 625/out/digits_0_625_row/sym_330.png,count,row,20,True,330,f71c7b49dee8b9a8255eda0ecb342431b26f1f6fa2806b3bffe141391f85137b
331,sym_331.png,base 625/out/digits_0_625_row/sym_331.png,count,row,20,True,331,fb527a0dd98689bf50b836a2c5941e5215c86b6dbec08463f3bfc31a7798c76b
332,sym_332.png,base 625/out/digits_0_625_row/sym_332.png,count,row,20,True,332,1f21c93f397556e2dc85592539aebe7a040b27698779adb7d575dba2bdd73877
333,sym_333.png,base 625/out/digits_0_625_row/sym_333.png,count,row,20,True,333,6d9f7e908e40cb454eb43f3c036e0e9d7894090bd89d97ef3747507d1d585b46
334,sym_334.png,base 625/out/digits_0_625_row/sym_334.png,count,row,20,True,334,e7999a0b5638f5a34d08921b0c76a7343abc1e3468b5a61c5c71704feb8fa2b3
335,sym_335.png,base 625/out/digits_0_625_row/sym_335.png,count,row,20,True,335,af8f1b962bb611bf9e66a0b3b400db62907e70fc494aa5222566e5dd09f85826
336,sym_336.png,base 625/out/digits_0_625_row/sym_336.png,count,row,20,True,336,d2e312eed5027cb2e328aa1ff692ebc2909b7255d3a15177f9b4fde2a6dd20ad
337,sym_337.png,base 625/out/digits_0_625_row/sym_337.png,count,row,20,True,337,b5721c9ab362533db97d3d79d545032510c63bb320353e3ec12323d4fa78b82c
338,sym_338.png,base 625/out/digits_0_625_row/sym_338.png,count,row,20,True,338,caa4eaf21d7edfa2dd0d3aace7465492b0fb9490a509ecc41108d9b397f0614a
339,sym_339.png,base 625/out/digits_0_625_row/sym_339.png,count,row,20,True,339,fb3444d81e544bf12252c7df62efd63dfba5df1474036ff506939bf8074b29e2
340,sym_340.png,base 625/out/digits_0_625_row/sym_340.png,count,row,20,True,340,d2e16518e74604e3c613ded5a70b4a48c5853157fdecb2a6f99805e12a20642b
341,sym_341.png,base 625/out/digits_0_625_row/sym_341.png,count,row,20,True,341,0478a4196feb052849172387a23802a037bfd99c055006b9149887046204a870
342,sym_342.png,base 625/out/digits_0_625_row/sym_342.png,count,row,20,True,342,5a3420f5ebdb2b8ba9fe1a20764974682f29e1c421487898aec0aa64ee1153e2
343,sym_343.png,base 625/out/digits_0_625_row/sym_343.png,count,row,20,True,343,c5275ff19aa6976a1f777dca09f2bfdf2177da9e6cf132d5addab33cb1c3becb
344,sym_344.png,base 625/out/digits_0_625_row/sym_344.png,count,row,20,True,344,eb005a50809f14e55683b4af915339e004ba63e32c387612f8a873de5333c1e3
345,sym_345.png,base 625/out/digits_0_625_row/sym_345.png,count,row,20,True,345,c448d6a2a3b74b7d3d4bf2f309694359f66328c7f0b228da370b75fb2f1bab9c
346,sym_346.png,base 625/out/digits_0_625_row/sym_346.png,count,row,20,True,346,2c426434fb846e8bf920b2b39508d859ee9d2321abd460cfa77b5dfbf2dcd195
347,sym_347.png,base 625/out/digits_0_625_row/sym_347.png,count,row,20,True,347,5c43b9333564e2e3a910e3e6cb50ed5f9c301141651887facf7f09f070f8020e
348,sym_348.png,base 625/out/digits_0_625_row/sym_348.png,count,row,20,True,348,d032aa4a644f9093e7acb3f7ffbde4238fd830915997791a7917e48518beec78
349,sym_349.png,base 625/out/digits_0_625_row/sym_349.png,count,row,20,True,349,26bb4a5b9ef091ca4f353190f613344db988b17b455b5ff99186b2e080cc7d41
350,sym_350.png,base 625/out/digits_0_625_row/sym_350.png,count,row,20,True,350,1df7805e1e15ebccaeca82e7c10ea69be08387e90619045afd011e7a6fc59162
351,sym_351.png,base 625/out/digits_0_625_row/sym_351.png,count,row,20,True,351,d69f65f32cbe089148ec23012f32e5deef4100048354b4d7ee06cece9e69fdb9
352,sym_352.png,base 625/out/digits_0_625_row/sym_352.png,count,row,20,True,352,e5aa6bc2a38729a33cbcbb6d6082528602934606bd9e5a4d72423a56c6ea45ea
353,sym_353.png,base 625/out/digits_0_625_row/sym_353.png,count,row,20,True,353,ab1cfb73ae5a7f1614780c88dd9a485c9ad6cfff9b43999600759a37f2f00ef7
354,sym_354.png,base 625/out/digits_0_625_row/sym_354.png,count,row,20,True,354,9da7ca68a13f2d72c269b7231f3ea71957ee890cb166f1d96e82cc06c182d450
355,sym_355.png,base 625/out/digits_0_625_row/sym_355.png,count,row,20,True,355,0629e719095277c2e293cbc58af0ac6bf10bd1322c9761d626c0473c1b6316c7
356,sym_356.png,base 625/out/digits_0_625_row/sym_356.png,count,row,20,True,356,3aced98ce9567631a2a278ecfc187437755471d1e2a2da23632ec1868e8536c9
357,sym_357.png,base 625/out/digits_0_625_row/sym_357.png,count,row,20,True,357,a120ba3000871e5e5ae74f5ddd5c5198f3ee0fe87a5fd06e9881873fa657d0d1
358,sym_358.png,base 625/out/digits_0_625_row/sym_358.png,count,row,20,True,358,f77b027533ac817d161ef3afd50ebb367da4781ae4e10f029b2b6ae7ef702ec7
359,sym_359.png,base 625/out/digits_0_625_row/sym_359.png,count,row,20,True,359,2363deeea9f46e0d029e936ffb518a0fce829253464fc1a6cc9a75edc8cba8da
360,sym_360.png,base 625/out/digits_0_625_row/sym_360.png,count,row,20,True,360,3732a5a03cc01346b5ce3ca767c6bd55d414d59680b4ec8ecab410e982cd11d6
361,sym_361.png,base 625/out/digits_0_625_row/sym_361.png,count,row,20,True,361,6f7b8971e362832f2c03a2b94904ad135a3ffd07552d2978044be9a2e8d0e176
362,sym_362.png,base 625/out/digits_0_625_row/sym_362.png,count,row,20,True,362,a626d5128df3e8cb4006e28a507e962eb38241c2089ecb051fa273afdc4997c3
363,sym_363.png,base 625/out/digits_0_625_row/sym_363.png,count,row,20,True,363,92c24c14e59fe3f25aeb56d654b559fbb22314c438da1db8788f97ddbc6dea90
364,sym_364.png,base 625/out/digits_0_625_row/sym_364.png,count,row,20,True,364,1790417b4786cc8768fa78b0c0fa3806e36a99a65d4f021d81fb2b7c55c4a68e
365,sym_365.png,base 625/out/digits_0_625_row/sym_365.png,count,row,20,True,365,75972b6a1e2050733dac783b900e7e7cb525fd292096515403206814d5d23ab9
366,sym_366.png,base 625/out/digits_0_625_row/sym_366.png,count,row,20,True,366,a66b1d12276c1568a2a7bf5f57560cf3e47b4fa92ab76e14fbf4a2220435458e
367,sym_367.png,base 625/out/digits_0_625_row/sym_367.png,count,row,20,True,367,710736ac324eab221ca5ca18501be195bfaaced8a99bcf0f69780cd97d09ea67
368,sym_368.png,base 625/out/digits_0_625_row/sym_368.png,count,row,20,True,368,6278eb7d27cd9c4c271a24b90014bb28f443a2ce4ee48cd42cfae65b8ec6a180
369,sym_369.png,base 625/out/digits_0_625_row/sym_369.png,count,row,20,True,369,261a501baa9df6bbde6edb1cad43cc0a47f79ef949909993ee7adec88174bee0
370,sym_370.png,base 625/out/digits_0_625_row/sym_370.png,count,row,20,True,370,48c9ac46955494d01af2ee2f7b32c8455db69b4e068658f57b799dfc5c90e3ab
371,sym_371.png,base 625/out/digits_0_625_row/sym_371.png,count,row,20,True,371,4bb6e172caa779c743f6795f9f8096e8b8591567da936f4ac21495a762e47b69
372,sym_372.png,base 625/out/digits_0_625_row/sym_372.png,count,row,20,True,372,be1471b78768d0a211c7a8a2965627192a936e03953cb994f2efd59ceed02053
373,sym_373.png,base 625/out/digits_0_625_row/sym_373.png,count,row,20,True,373,e712dd64d65020b51e2345e0b1ffa0dd80caae1ddf72981eb98ac35296f5944c
374,sym_374.png,base 625/out/digits_0_625_row/sym_374.png,count,row,20,True,374,81be01cb551bbec066109286568be9f38c11e17d6c5033c71323a07541860746
375,sym_375.png,base 625/out/digits_0_625_row/sym_375.png,count,row,20,True,375,a255e7f6bd8d5dda1243705e69c029790ba06266d2e06c96a52da6ce622a32fa
376,sym_376.png,base 625/out/digits_0_625_row/sym_376.png,count,row,20,True,376,c328035d93b5a0d66bc214e3e0bc2b92964f1ccd3ae7f98927c51ea3d4d86743
377,sym_377.png,base 625/out/digits_0_625_row/sym_377.png,count,row,20,True,377,a9bb0513ad5292f736d5d3058d5f3305c84291ba287c56558344424f3effd06b
378,sym_378.png,base 625/out/digits_0_625_row/sym_378.png,count,row,20,True,378,f256fa585ec929d0dbbb971da6578b0d6d3cf390574f9ed203619ed2cf28e8b5
379,sym_379.png,base 625/out/digits_0_625_row/sym_379.png,count,row,20,True,379,1ec0c9bca1ede80f5b933dfe5b05cddfa27dec0cd39076435400d737f5e9d1d9
380,sym_380.png,base 625/out/digits_0_625_row/sym_380.png,count,row,20,True,380,b7fc814cf9e31ce815ed45b095029128eed37dc7471dd712779128b72d8e64b0
381,sym_381.png,base 625/out/digits_0_625_row/sym_381.png,count,row,20,True,381,fa0fc8366e6571b574f624e9ae536ea8557aade3e73839fbf5a75594d22be652
382,sym_382.png,base 625/out/digits_0_625_row/sym_382.png,count,row,20,True,382,564bce3ab3093f5438a449c1e31c2f8f6a0bb3238e19c99d2ca62d0de692159d
383,sym_383.png,base 625/out/digits_0_625_row/sym_383.png,count,row,20,True,383,19484d7ae95f6cc5326b4f23eb3b3bdb0a353553797bddff27f70b4be34cf605
384,sym_384.png,base 625/out/digits_0_625_row/sym_384.png,count,row,20,True,384,72f69d27733bdcdbce0f7bf80f09c77a4c82d7357fa56b91d68e8bc7502ca926
385,sym_385.png,base 625/out/digits_0_625_row/sym_385.png,count,row,20,True,385,7da47a9d2f4bb043036b9cc89043bc827140f4fd698ae5fc72199cb91bf1447a
386,sym_386.png,base 625/out/digits_0_625_row/sym_386.png,count,row,20,True,386,e87d3aac2f1948bfcf1a0486c690da9c7b27d0f10ab59d0a19fe8bd4bb4efdb3
387,sym_387.png,base 625/out/digits_0_625_row/sym_387.png,count,row,20,True,387,2ff2b5f9171617c7b348ed985d996eabdd2100965875d5c5a0b0fce63edf532d
388,sym_388.png,base 625/out/digits_0_625_row/sym_388.png,count,row,20,True,388,c213254d972c476ed280aeba76f060450a54950ee3e32518df54527c1d7ff944
389,sym_389.png,base 625/out/digits_0_625_row/sym_389.png,count,row,20,True,389,a8806041f5220e8317a841123a4fea6910190c8f5c9ade9bbbfe527e10607ee3
390,sym_390.png,base 625/out/digits_0_625_row/sym_390.png,count,row,20,True,390,8cdbeb5ea58420d5f05a365246f4d434f71862009890ef9be276d43518965379
391,sym_391.png,base 625/out/digits_0_625_row/sym_391.png,count,row,20,True,391,501264d1efa75de192085848d874d36d55c2f5b1927d73795f52930aeef8826e
392,sym_392.png,base 625/out/digits_0_625_row/sym_392.png,count,row,20,True,392,4d026fa6d0f7526c0e5112626ba123f25cd44aa32615a7e9e38002f2f4702aff
393,sym_393.png,base 625/out/digits_0_625_row/sym_393.png,count,row,20,True,393,736fd8c54886b9febb3b205ff0b0167597097af0ef3043a867698620d9e0b2b4
394,sym_394.png,base 625/out/digits_0_625_row/sym_394.png,count,row,20,True,394,7c696ad9b0ebcf5c169ac9fa0ca3930f95369694fe20b68ad58ef1ff058ceaec
395,sym_395.png,base 625/out/digits_0_625_row/sym_395.png,count,row,20,True,395,920d5a6d517645d26762f75b279c8bc5cd7b9ab8d89afc38816877c0a238f004
396,sym_396.png,base 625/out/digits_0_625_row/sym_396.png,count,row,20,True,396,9e9adf0b730a9da3752ba669ea5e423736e751ee84499104cef8d77d4d6a7980
397,sym_397.png,base 625/out/digits_0_625_row/sym_397.png,count,row,20,True,397,bf5946c21530470627501e4de665fe4abc09d1e88ccbffacd7407f66d41f7fb5
398,sym_398.png,base 625/out/digits_0_625_row/sym_398.png,count,row,20,True,398,2a7bbef13a86c1a32e188e0ffdc212ca221acefc8b83b657ed379cd0f8884bd6
399,sym_399.png,base 625/out/digits_0_625_row/sym_399.png,count,row,20,True,399,51c682184a70d134940fc8b4b84a82446b85fd137951b35768ec292123bd3895
400,sym_400.png,base 625/out/digits_0_625_row/sym_400.png,count,row,20,True,400,3b0989017caa1f72f8dd61db43544e41d8619d9a3b75638394e2fbad63793c76
401,sym_401.png,base 625/out/digits_0_625_row/sym_401.png,count,row,20,True,401,c66fbeb3b31a9f0dac09b568aa488f05a71610e96c639df1a5f2e1c3750f29a3
402,sym_402.png,base 625/out/digits_0_625_row/sym_402.png,count,row,20,True,402,4cfbcb6be7ada790eba52990d0a4f319cdd3b9ca3f29fcd2d6c4d5630a00f42f
403,sym_403.png,base 625/out/digits_0_625_row/sym_403.png,count,row,20,True,403,c77de775f51a42f9db7d9fbf7040a5e4c2750e12677896bd105534791ddbb36c
404,sym_404.png,base 625/out/digits_0_625_row/sym_404.png,count,row,20,True,404,06838549e322939ccc74365d36882b6b5159e5c4de86672c9b4bbd981fd823a9
405,sym_405.png,base 625/out/digits_0_625_row/sym_405.png,count,row,20,True,405,ab708bfbae2ff7d07d155878ec55b799176f8beed1c6d05cb62090ac09e9e2bf
406,sym_406.png,base 625/out/digits_0_625_row/sym_406.png,count,row,20,True,406,b06e24c985c49ebb4c8ca586525ca378b37990d4b4b3d2a3a98257785e0a9082
407,sym_407.png,base 625/out/digits_0_625_row/sym_407.png,count,row,20,True,407,c550af2dad70384da60d5f80b0fe87b95002b95895e984203a6fbfe9ea116943
408,sym_408.png,base 625/out/digits_0_625_row/sym_408.png,count,row,20,True,408,68ccd87ac8e8d384781d15992e6bb9de974423a2ece2bb3cbf4f037d8238114d
409,sym_409.png,base 625/out/digits_0_625_row/sym_409.png,count,row,20,True,409,28c7ff0645c3f66ad8cc4f0ced3f4efccd645dbd447a7d24cbc070dbad51e79b
410,sym_410.png,base 625/out/digits_0_625_row/sym_410.png,count,row,20,True,410,7fc7f0e13a6ab48f6ca4f2e6d169419eb386037bc76b4d5ed42863cc65121501
411,sym_411.png,base 625/out/digits_0_625_row/sym_411.png,count,row,20,True,411,7a05524ca0b15d87713683b7805d9e1759cd59d0f9bb803f663054b9ca5e3268
412,sym_412.png,base 625/out/digits_0_625_row/sym_412.png,count,row,20,True,412,a0c9cc5dfaab8a9d9ee09e61beec70538cf0efae595d156f71a893889dbef1c0
413,sym_413.png,base 625/out/digits_0_625_row/sym_413.png,count,row,20,True,413,36caa3b616662850a96ae89ed475fad1cb9f74f4991949d31625b2cf9fedab3b
414,sym_414.png,base 625/out/digits_0_625_row/sym_414.png,count,row,20,True,414,7a08d7c06f467d4889d337dc89eebf4dd36f71d2d37394314baadd2e0a0b57db
415,sym_415.png,base 625/out/digits_0_625_row/sym_415.png,count,row,20,True,415,fc02649db08fcb0810184aee1de7eab3248c10f05b5c5cccc0460834619d6655
416,sym_416.png,base 625/out/digits_0_625_row/sym_416.png,count,row,20,True,416,cc86c4ec787dd0674f88007dbbc9d314cd0d8f2be2b02b30ca217575cc7c818f
417,sym_417.png,base 625/out/digits_0_625_row/sym_417.png,count,row,20,True,417,c64735fe2a4ecf21f129dec5cf638366a3a67e0159dcd2826c110ce93763ab75
418,sym_418.png,base 625/out/digits_0_625_row/sym_418.png,count,row,20,True,418,701050ef7cb6bb78f00f5fc52797eda52a314a199792afd6506c5bbc3b02480d
419,sym_419.png,base 625/out/digits_0_625_row/sym_419.png,count,row,20,True,419,0530b48ac141645e58a5ce6ce99bda84c2eeb9a47fe46bffcca8b87ebd917d9d
420,sym_420.png,base 625/out/digits_0_625_row/sym_420.png,count,row,20,True,420,6adcc7e89bba03330a451c08d5bd7d13a44ce51be8a5700956586f49d13f3d06
421,sym_421.png,base 625/out/digits_0_625_row/sym_421.png,count,row,20,True,421,ec17ca73b1d6b8950f0ac62d0b9f2579792f530a12dd5093ff7a8d31bdfd95a0
422,sym_422.png,base 625/out/digits_0_625_row/sym_422.png,count,row,20,True,422,09bd300a11fb95e7420c31c24c1ffd65ba1753fd119fa074f61f469c10f43276
423,sym_423.png,base 625/out/digits_0_625_row/sym_423.png,count,row,20,True,423,7d3e16b97dc6a469c0987727fa20bb459f1ad82bd691f2c4e5ba8b482944730f
424,sym_424.png,base 625/out/digits_0_625_row/sym_424.png,count,row,20,True,424,5cab08d439768e180af60df7fa66ce661f70a0f3894f790bbc7f27767e338f7a
425,sym_425.png,base 625/out/digits_0_625_row/sym_425.png,count,row,20,True,425,880625d5e5d1e8172dfb237d86bce5990eee949a6e649b83c3218acc5025db99
426,sym_426.png,base 625/out/digits_0_625_row/sym_426.png,count,row,20,True,426,73a37c2abe22c80252ff623503c47e0178e8a95c2a581b5c23672359e7937c99
427,sym_427.png,base 625/out/digits_0_625_row/sym_427.png,count,row,20,True,427,c8763a9459ff8d0b8235504a37d49da8fa464a8595292642b984a2b406b301d4
428,sym_428.png,base 625/out/digits_0_625_row/sym_428.png,count,row,20,True,428,8c2fb8711b9e9eda6e8f4b3615f087eddb1814a42cb0438b92661e1bea83c210
429,sym_429.png,base 625/out/digits_0_625_row/sym_429.png,count,row,20,True,429,de387aaa634330d67b6675fae9c2f1c94b883c4f65017005b8827e2e2dfdaa01
430,sym_430.png,base 625/out/digits_0_625_row/sym_430.png,count,row,20,True,430,ea6910c7faee96f11436fe40b94585fe444628ca6217e29d462d0e0ecb493767
431,sym_431.png,base 625/out/digits_0_625_row/sym_431.png,count,row,20,True,431,24d9bea4ef0c76e01e4bdd6f33148a4be336f9514e4281647311193396e31f31
432,sym_432.png,base 625/out/digits_0_625_row/sym_432.png,count,row,20,True,432,7bc1a4e7ad3e889945d9d9706e9820c81c1a4edc329ad44e2a1538a23724ad95
433,sym_433.png,base 625/out/digits_0_625_row/sym_433.png,count,row,20,True,433,493901dfca269814f60cbaf0aabd8c05bf5ba473417dc5872ca7588bdbd0c131
434,sym_434.png,base 625/out/digits_0_625_row/sym_434.png,count,row,20,True,434,6ad61060c9d6122e1f5b891e90f51155a3ebfca8fc80a12b33d18f8425e03dfb
435,sym_435.png,base 625/out/digits_0_625_row/sym_435.png,count,row,20,True,435,455bae93c6e55a6454722bdfb0a7c22f020ae31f9d2879ccdd23ece9e8ed7346
436,sym_436.png,base 625/out/digits_0_625_row/sym_436.png,count,row,20,True,436,d3a1a1046824f736ac1d12d7a1c88ab0cf002a95982f61373e95c77c781be09a
437,sym_437.png,base 625/out/digits_0_625_row/sym_437.png,count,row,20,True,437,af0809045ce38c7c32b02cade299bcc90002298cb81243309d738382570d11a5
438,sym_438.png,base 625/out/digits_0_625_row/sym_438.png,count,row,20,True,438,a6df4ca1727399ab96868d29d8ca0766c68a885af31ad13d7aa5602e7eb00a4e
439,sym_439.png,base 625/out/digits_0_625_row/sym_439.png,count,row,20,True,439,5c2e1a53bfe5671bf5fedabc7e2f37d9f642ddbbdabe4fb1a1c68fe068add56e
440,sym_440.png,base 625/out/digits_0_625_row/sym_440.png,count,row,20,True,440,1d2f3c1c3f1c8b30dc5216d7eec0f6e3c850a99fb60111c0876a15d3d8f1875a
441,sym_441.png,base 625/out/digits_0_625_row/sym_441.png,count,row,20,True,441,ee9bbf8dfdbe73f7bc4ae0020915f11a741ede3955a76d0385bb2e2f810bb127
442,sym_442.png,base 625/out/digits_0_625_row/sym_442.png,count,row,20,True,442,f8ca7ef182a781950e4764676ec0e1292f90b1a9d284cb104626a127c4e179a0
443,sym_443.png,base 625/out/digits_0_625_row/sym_443.png,count,row,20,True,443,47514690ca2538b63246a49ed560c0307a9161476d8fa498b3d5067a9cbbe5f1
444,sym_444.png,base 625/out/digits_0_625_row/sym_444.png,count,row,20,True,444,d3ec9bb97ed348d377e4164789c33a97a45e204f1419a04f087bdca524e52626
445,sym_445.png,base 625/out/digits_0_625_row/sym_445.png,count,row,20,True,445,c1a1a3d2cfec1edc94fbef95b8eb9e1080d485f1cde2288ddf4ab0bfd859f220
446,sym_446.png,base 625/out/digits_0_625_row/sym_446.png,count,row,20,True,446,3cf18a00b30cfee41f5b77ac16ee07706d06f65c25c3efa96060a8a896a24edb
447,sym_447.png,base 625/out/digits_0_625_row/sym_447.png,count,row,20,True,447,353a99bdf63c6e5cf50bd907e0f1f6485392db6a85cfa78c54f95dff825a9e35
448,sym_448.png,base 625/out/digits_0_625_row/sym_448.png,count,row,20,True,448,b710356d4093181b19aaef5713882f7a6313b5a67f81b643c17732511ea4c9fd
449,sym_449.png,base 625/out/digits_0_625_row/sym_449.png,count,row,20,True,449,a5d87b1dcbdff09f2a3f73b3a92222c1f70b089f47fae489798eaf27eee4864d
450,sym_450.png,base 625/out/digits_0_625_row/sym_450.png,count,row,20,True,450,daf50b20c765e1cb41b9268d4fd929e99858c90fcc62962669e54998fa566c0c
451,sym_451.png,base 625/out/digits_0_625_row/sym_451.png,count,row,20,True,451,a18a1ef1ddfd3d0db28b2ee9f76c77ef73365d58ef897a6eeb03d9b10ad98b21
452,sym_452.png,base 625/out/digits_0_625_row/sym_452.png,count,row,20,True,452,85b51cc9716815139e39d181fd2a14f7da88421942d728ac23a8b61d3b7ed26e
453,sym_453.png,base 625/out/digits_0_625_row/sym_453.png,count,row,20,True,453,de7474ceae7d17541a9ab0161dc0c72ea5547b29e07d19d6b60ce1cf327c5c5b
454,sym_454.png,base 625/out/digits_0_625_row/sym_454.png,count,row,20,True,454,507938a45bd2699c53204d5dcbadb16935ef7a291590a166b414c0e08df96d54
455,sym_455.png,base 625/out/digits_0_625_row/sym_455.png,count,row,20,True,455,ddae95ce1c0d10c20cd165ff591eea3fe6808d397f40864f7b37661df9bb75fb
456,sym_456.png,base 625/out/digits_0_625_row/sym_456.png,count,row,20,True,456,57d903848c724c44728b248dfe70602a9f8ede3e7d2c4e683c33d26d39ea5cda
457,sym_457.png,base 625/out/digits_0_625_row/sym_457.png,count,row,20,True,457,c24c406b9df60eb82157ab558a777b8d821af79ac3bf72a40e593f1ec15fe34d
458,sym_458.png,base 625/out/digits_0_625_row/sym_458.png,count,row,20,True,458,0154ea8bdf31e1db5dd86efc02da1f441e3e2b68c17446607c62a3e21f6962fe
459,sym_459.png,base 625/out/digits_0_625_row/sym_459.png,count,row,20,True,459,e20f0d4c55f9367c941c47b49f44a2a8d22722c949bfccf6798df9322fcc4385
460,sym_460.png,base 625/out/digits_0_625_row/sym_460.png,count,row,20,True,460,0a3045aed2cd5a83fdfd5693e1d86fc43de12b220c535537be89e3bcddc11882
461,sym_461.png,base 625/out/digits_0_625_row/sym_461.png,count,row,20,True,461,fc4fa6cb50a2d95f9c48b33e76f5b7aa1a9e509655ccb47704c09e12731463e1
462,sym_462.png,base 625/out/digits_0_625_row/sym_462.png,count,row,20,True,462,77bcb6ab34940eabffb0077cee17d2599834380fc82de965f28ec4808f19038e
463,sym_463.png,base 625/out/digits_0_625_row/sym_463.png,count,row,20,True,463,597cd07f7e532c956e815f13c6e2d00cfe1db95e61da7d36fb028c8b4554996b
464,sym_464.png,base 625/out/digits_0_625_row/sym_464.png,count,row,20,True,464,ab3cdf8cbf5ee68e427643bb55de763a0dbebf2de52b43da89c5a22f193f9b95
465,sym_465.png,base 625/out/digits_0_625_row/sym_465.png,count,row,20,True,465,83de626e71384efa5a639541a2916feb7d9c6cfd2bc9f1f6ccf7301341f45d1b
466,sym_466.png,base 625/out/digits_0_625_row/sym_466.png,count,row,20,True,466,e5c3f36ee38c2e58409b20b8bd057796507e5f33991faa4f1d0e43d4968a6c1e
467,sym_467.png,base 625/out/digits_0_625_row/sym_467.png,count,row,20,True,467,c7df760787c5f339eea0200b8140545fd04e5ea51b7f68fc686d4ce377c7f1de
468,sym_468.png,base 625/out/digits_0_625_row/sym_468.png,count,row,20,True,468,eb26a80a2b86514ba4e5c5017c4bb30b7a984f868b5bdd56f49a17e6ddb726ab
469,sym_469.png,base 625/out/digits_0_625_row/sym_469.png,count,row,20,True,469,3f4b6b880b9152ef2659ce9d33b1555910f2f5e30498fe25814a3d93b401ba5f
470,sym_470.png,base 625/out/digits_0_625_row/sym_470.png,count,row,20,True,470,131798709fca61912be419d654ac4129f4bf404ee9b923866b55182671462f54
471,sym_471.png,base 625/out/digits_0_625_row/sym_471.png,count,row,20,True,471,0285e0a79a8d8024aea6d4e413e46f8244e6029c094a9525aaa1706076bd9934
472,sym_472.png,base 625/out/digits_0_625_row/sym_472.png,count,row,20,True,472,1bc66c68be53ff1d96a3c5d5130cdb0df0fff5d9ff8b9f1def23a5f5e3ea253f
473,sym_473.png,base 625/out/digits_0_625_row/sym_473.png,count,row,20,True,473,42532e78422eea5a2098402d4728659cfa7e4396b35b6d87628abdb41f83e561
474,sym_474.png,base 625/out/digits_0_625_row/sym_474.png,count,row,20,True,474,556a1410dcdd7b4b5c47d83a4575f1d33d4191c5c6bdb6b0beddfb67cdd60698
475,sym_475.png,base 625/out/digits_0_625_row/sym_475.png,count,row,20,True,475,286040e875916f63664f36f81395e8af994c78432e8b3a03f975c6dd055f4013
476,sym_476.png,base 625/out/digits_0_625_row/sym_476.png,count,row,20,True,476,7e3787d59bf50fe12f89d312fcdfbe9fa114e45c68060df12650f23756cd51b0
477,sym_477.png,base 625/out/digits_0_625_row/sym_477.png,count,row,20,True,477,ec65f77dd71bdaae7cbeaf02b5de6492b33a8d666054e1795966609ffa27dd1b
478,sym_478.png,base 625/out/digits_0_625_row/sym_478.png,count,row,20,True,478,89309b781104d374466a1d349995e779533e665def091845c397fa07d360a1e6
479,sym_479.png,base 625/out/digits_0_625_row/sym_479.png,count,row,20,True,479,f7d2cb995217a5355fb344ea8a552669638607874f09a354d28fe4428dc470a9
480,sym_480.png,base 625/out/digits_0_625_row/sym_480.png,count,row,20,True,480,53c2dde99169db6f2dabfa5d785f1a1ef2073c0308cde82f179fe38a4f2780bd
481,sym_481.png,base 625/out/digits_0_625_row/sym_481.png,count,row,20,True,481,4e8b3e2226e29b47703fea68f59bef90bd49359d1ccd760868e8445655ecd17c
482,sym_482.png,base 625/out/digits_0_625_row/sym_482.png,count,row,20,True,482,98b4df221890acaedc3355654ce4a29f8ae6c3857cefd74bba1cf4e9fa815e2e
483,sym_483.png,base 625/out/digits_0_625_row/sym_483.png,count,row,20,True,483,8240fc9c3e6648be2e55e51b111f7aba30a438e74718db44b508fd3ceb1f66c5
484,sym_484.png,base 625/out/digits_0_625_row/sym_484.png,count,row,20,True,484,f57905bceb22b207194f5ebcdba9cebdfc18efdf18aa68547dfabdb0653e1266
485,sym_485.png,base 625/out/digits_0_625_row/sym_485.png,count,row,20,True,485,289ae56d7ae411da6b316aeeaee8545a0aba98728f7ea076d8e9b4299c8d68f3
486,sym_486.png,base 625/out/digits_0_625_row/sym_486.png,count,row,20,True,486,f3e4a2e0199567424f784b01f858239a2398c227705e17e691c1f59a69f4c57b
487,sym_487.png,base 625/out/digits_0_625_row/sym_487.png,count,row,20,True,487,f69d60851f427294a2eb6aa0ae3b1b081234d7a3a6a919b1326ab9de99e3fac6
488,sym_488.png,base 625/out/digits_0_625_row/sym_488.png,count,row,20,True,488,b03394b1a2bfbb0d85a474b60a269fd3f162288386f61c2a9ed8cb5fbb50ef0c
489,sym_489.png,base 625/out/digits_0_625_row/sym_489.png,count,row,20,True,489,617ad0ce44bbb7c1d41192318b0e83eb53fa9896307563de0ab231e00b698cd5
490,sym_490.png,base 625/out/digits_0_625_row/sym_490.png,count,row,20,True,490,1548be5cb5d439aff92e8ad38a4e7f887341685dcc8e737cd9162ab70452706e
491,sym_491.png,base 625/out/digits_0_625_row/sym_491.png,count,row,20,True,491,34fc3a24fd5f68b1d1c4ec634197326b97ae0cc0c7c3d85736667ca8ab9fabc1
492,sym_492.png,base 625/out/digits_0_625_row/sym_492.png,count,row,20,True,492,be6f58dfcc1badfc990268cce2f51fe2dbf6edfd6fba9d89c13b51eaded28f46
493,sym_493.png,base 625/out/digits_0_625_row/sym_493.png,count,row,20,True,493,434401dbf00a1e999370a257feff9f847da4b00fe099b29e8b44baeb4d0d3b70
494,sym_494.png,base 625/out/digits_0_625_row/sym_494.png,count,row,20,True,494,a7b6278c3ee3293faeea4c7b3024f11c9626b0951026af68c714363197c48d27
495,sym_495.png,base 625/out/digits_0_625_row/sym_495.png,count,row,20,True,495,2f1ffa466f09da6dd46d93fa65a9c5c43c75749606a9562436d050222b5f54e4
496,sym_496.png,base 625/out/digits_0_625_row/sym_496.png,count,row,20,True,496,d2a0b4cc5ebbc0d22f76aa91fd60738bf71b0c6db4c25eb1b95a948f65246cbc
497,sym_497.png,base 625/out/digits_0_625_row/sym_497.png,count,row,20,True,497,51000bf70d36598d74dc311861c8ea7539434d4ce1ebd446c6df34e319f7e1bf
498,sym_498.png,base 625/out/digits_0_625_row/sym_498.png,count,row,20,True,498,61ad752de8d7477f0753832549a637df92e6440c12c5ca7e4afb89ba36da1aa6
499,sym_499.png,base 625/out/digits_0_625_row/sym_499.png,count,row,20,True,499,436c45fa7ce65988fa3480e8760a50cbc94552ef64c8e46eab87edf426d8e784
500,sym_500.png,base 625/out/digits_0_625_row/sym_500.png,count,row,20,True,500,67be71faa6f4b76b546ffc03ec744a27f733170898c42e5a36d9dcb44f4d56af
501,sym_501.png,base 625/out/digits_0_625_row/sym_501.png,count,row,20,True,501,17fc345354766636cfc0b017c31c5182967a6dc2cdf7fa34146d5e47cdb988c5
502,sym_502.png,base 625/out/digits_0_625_row/sym_502.png,count,row,20,True,502,c1210921bdd37eac28f1ef9467d601c1f722bcb70387715fdf54b0868e8a9861
503,sym_503.png,base 625/out/digits_0_625_row/sym_503.png,count,row,20,True,503,2bb492d8c915c20ce8226d7a4fc693763c6fed498c991f219a8e0d0c53392a17
504,sym_504.png,base 625/out/digits_0_625_row/sym_504.png,count,row,20,True,504,36a31a712c399390262341cbadf9487dfb9beaba17cc90bfde5d914fda5af16a
505,sym_505.png,base 625/out/digits_0_625_row/sym_505.png,count,row,20,True,505,22fb69a7920b3b5d705eddc2e2b0d38da1a74e91899bbd6b74c2e9be17a242eb
506,sym_506.png,base 625/out/digits_0_625_row/sym_506.png,count,row,20,True,506,49c41db789c07c18a2a8187d25e4bd8884ac2b516dc574e2ca2b342787f4fb56
507,sym_507.png,base 625/out/digits_0_625_row/sym_507.png,count,row,20,True,507,376468cda495b2da09bb54df3be853003a49837a35b2469f39062ebdab17b158
508,sym_508.png,base 625/out/digits_0_625_row/sym_508.png,count,row,20,True,508,0c052ce2a16f709ffb4ff27bc5dd1bece125544c976093469f08c7ea3c93535c
509,sym_509.png,base 625/out/digits_0_625_row/sym_509.png,count,row,20,True,509,6eb81c88312c818d53591ed320c0a10fbf9e2a85a04c7832b30de7417588e19e
510,sym_510.png,base 625/out/digits_0_625_row/sym_510.png,count,row,20,True,510,de00ca8e3b85936ba7f7e22fe047db89204cd1e58c5d67db3e0e585444eb339a
511,sym_511.png,base 625/out/digits_0_625_row/sym_511.png,count,row,20,True,511,d6f4eed92e8d32bbc45bb19c2f795fc7000f6047f5c2d4531dfdd7e9259270db
512,sym_512.png,base 625/out/digits_0_625_row/sym_512.png,count,row,20,True,512,f4a8f62513be10bc5d50af8bfe1e4902594a3fc9f5234ba36fbc19a7a7042db0
513,sym_513.png,base 625/out/digits_0_625_row/sym_513.png,count,row,20,True,513,2cbf6148d8bdb45ad80c8ec1496a77158c31bcacf9524860bc7d60aaebe4444e
514,sym_514.png,base 625/out/digits_0_625_row/sym_514.png,count,row,20,True,514,36e63c1fce3698e911d26af99f8011b0df8af8bca24362ee7c33998447c49272
515,sym_515.png,base 625/out/digits_0_625_row/sym_515.png,count,row,20,True,515,7e0eb7e2e1c981de82ebac9bc4b2dfdd99df294a0a7f1897f7c32eb3d7bde91b
516,sym_516.png,base 625/out/digits_0_625_row/sym_516.png,count,row,20,True,516,45f27db3879975080b6b21fe3a0274e656201b816163997be13f7e98a37fe984
517,sym_517.png,base 625/out/digits_0_625_row/sym_517.png,count,row,20,True,517,eaed36d86743355cae77276f5a296c224b7a96ed5e32f9c661bda83bef73765e
518,sym_518.png,base 625/out/digits_0_625_row/sym_518.png,count,row,20,True,518,ccbcfae68afa0a7f0c92645c51781aee5e990e1e20bcd5c41942b19a46298d82
519,sym_519.png,base 625/out/digits_0_625_row/sym_519.png,count,row,20,True,519,4e4420b78801fdb180785a5ee1be9a278d10ec963620cff66c1e552f562b4ee4
520,sym_520.png,base 625/out/digits_0_625_row/sym_520.png,count,row,20,True,520,48432d274d44b8dc59d7c5582cdfad5c986816c22447e67514701c0c105d1818
521,sym_521.png,base 625/out/digits_0_625_row/sym_521.png,count,row,20,True,521,3f21178fc18b2ea534f4e3077f124d31f853ef2370c3567a3198ac576b00e528
522,sym_522.png,base 625/out/digits_0_625_row/sym_522.png,count,row,20,True,522,b4c8502532380413be2b8f4038a3a63532f11062ed92e34d46bba6ceb599f822
523,sym_523.png,base 625/out/digits_0_625_row/sym_523.png,count,row,20,True,523,19db7c786069be7388fd74e3f581cec6f2c14798d87c21314d9773ccbc7d21cf
524,sym_524.png,base 625/out/digits_0_625_row/sym_524.png,count,row,20,True,524,d39db07fef961a8ad2cb1021223e6c5414776a8e4fd4e093454cafe5543cfbcf
525,sym_525.png,base 625/out/digits_0_625_row/sym_525.png,count,row,20,True,525,ae4bb1a6151891bda1811ec0d50abd1ceb9c088ad850cbad542567da360bba2d
526,sym_526.png,base 625/out/digits_0_625_row/sym_526.png,count,row,20,True,526,b23675c9385d283ca5fb46f3f58f30feaaaf48d794d33f8f917986c9989c9c25
527,sym_527.png,base 625/out/digits_0_625_row/sym_527.png,count,row,20,True,527,eef736539e21265550d5b61c5bb68f204d3af63abbebdca9b85e6d730c1fa940
528,sym_528.png,base 625/out/digits_0_625_row/sym_528.png,count,row,20,True,528,41d744b6ff9976f0ac2e0bd87a3a72c96da4de870bda17a210cd99d4db8d7675
529,sym_529.png,base 625/out/digits_0_625_row/sym_529.png,count,row,20,True,529,aa19f31b6800748140622c5e321fa46e0f6a8f3f4d9d6a88abaf66a5546371b6
530,sym_530.png,base 625/out/digits_0_625_row/sym_530.png,count,row,20,True,530,2fa3f0d6ec8d85e15e9d0d5060873139f4223646272afb74d2b069f85efb4fc8
531,sym_531.png,base 625/out/digits_0_625_row/sym_531.png,count,row,20,True,531,46dba98b6b0fb692fc191484c1693e26a38b56a13cf3270ddc930d7709b70712
532,sym_532.png,base 625/out/digits_0_625_row/sym_532.png,count,row,20,True,532,1748365d6680c5297c9198c8cc152b8d0d7a94629d8efae3f2dc33dede0c1f9f
533,sym_533.png,base 625/out/digits_0_625_row/sym_533.png,count,row,20,True,533,2c3f8db58ebbc7573234ac732e225b19539049601cb2408d91fb0c93a4fc26d8
534,sym_534.png,base 625/out/digits_0_625_row/sym_534.png,count,row,20,True,534,740a8113ae1f419e2c661c3e3a88316a920ed55a6a1ef869518e09febab93322
535,sym_535.png,base 625/out/digits_0_625_row/sym_535.png,count,row,20,True,535,4f00dead31733163457e76752d0cbb6af6006220b748814512c2375d927edf73
536,sym_536.png,base 625/out/digits_0_625_row/sym_536.png,count,row,20,True,536,31eb5fa140eee57c3e7d7acf030e405a1329ea9a95b6091f4d9af4b8fc1603d8
537,sym_537.png,base 625/out/digits_0_625_row/sym_537.png,count,row,20,True,537,ab494d9992c287fb544f03b89d45bf6587d6b5c5fd5b935c95dcdb4cfa859604
538,sym_538.png,base 625/out/digits_0_625_row/sym_538.png,count,row,20,True,538,abdb2243c3189e3a23ac19b07689bbcd1216cdc971fd8b6818fe78fc9753a98c
539,sym_539.png,base 625/out/digits_0_625_row/sym_539.png,count,row,20,True,539,234815663297664ff138a5080e73b21a57521a4065e36fe5e1ef44d5750bff2c
540,sym_540.png,base 625/out/digits_0_625_row/sym_540.png,count,row,20,True,540,227b008c2fcb737b0ba686edb9be85e7d87c66078cf53665c52bcf21cf7441d6
541,sym_541.png,base 625/out/digits_0_625_row/sym_541.png,count,row,20,True,541,b8568b83d83c797b98156f1299a82218ca5c309bd17513c07783da29ce17a8f6
542,sym_542.png,base 625/out/digits_0_625_row/sym_542.png,count,row,20,True,542,751fa51756bf441d0d3b62927277344472ef5fe75fa9ee1e51690c7aa51f7bb7
543,sym_543.png,base 625/out/digits_0_625_row/sym_543.png,count,row,20,True,543,16ab0e5e457666a4b64bcdfca5aa149ceb7554644349feecdbcc88e26ad4cfa7
544,sym_544.png,base 625/out/digits_0_625_row/sym_544.png,count,row,20,True,544,3be58d039d010b7103109e97dc9cb32490d5b647c520520f41418c90596e38cb
545,sym_545.png,base 625/out/digits_0_625_row/sym_545.png,count,row,20,True,545,036f5c46a63f3807db4d124db8cf4caa71ac22894d93a49ae5d713c555d4797e
546,sym_546.png,base 625/out/digits_0_625_row/sym_546.png,count,row,20,True,546,3d7f945c3215fe6109e3d3d11e819e70ad60913171de97b59a83f7096ece9780
547,sym_547.png,base 625/out/digits_0_625_row/sym_547.png,count,row,20,True,547,cbc56a6858c39fadac54d4aa33682baceeb9b1295f6f1eda3b72d2cfe351af15
548,sym_548.png,base 625/out/digits_0_625_row/sym_548.png,count,row,20,True,548,8bc39e5f07c10da8b36ebfd903db86135a6d0a110d999f2babd623f7d2bbb0d4
549,sym_549.png,base 625/out/digits_0_625_row/sym_549.png,count,row,20,True,549,1cb7886b36f0ee086ff7fa7c63f20962b51140e6b8eaa1584f0346f873802cfe
550,sym_550.png,base 625/out/digits_0_625_row/sym_550.png,count,row,20,True,550,5a460a586be3468c50fe4d00fee347622df35bea647832c46459a4f8284ca6f6
551,sym_551.png,base 625/out/digits_0_625_row/sym_551.png,count,row,20,True,551,25a9b1e51e3b06c29ce51745411f764a8d28b5c97088e6006060d8ee611a2f70
552,sym_552.png,base 625/out/digits_0_625_row/sym_552.png,count,row,20,True,552,ff96b3b1a666e319af2fc8a1958abb4f7818e3721b8b242b691aa864013921fc
553,sym_553.png,base 625/out/digits_0_625_row/sym_553.png,count,row,20,True,553,bb753468e898949d1cdd070a349e32d770b6ebbc3543b7fc597e2b03c313e929
554,sym_554.png,base 625/out/digits_0_625_row/sym_554.png,count,row,20,True,554,408d88e64238669498562e2d5f728556ce4b01c63a75c988987b6ee455a6bde2
555,sym_555.png,base 625/out/digits_0_625_row/sym_555.png,count,row,20,True,555,863d1e7b7a0d3cc1e6a349b95ffb9ff0139cb10ff928278e55625a7bdb069c4f
556,sym_556.png,base 625/out/digits_0_625_row/sym_556.png,count,row,20,True,556,4f9bf4e5d5a3f19516abac33b259bcc3f21c657330f358395113669f1732ba26
557,sym_557.png,base 625/out/digits_0_625_row/sym_557.png,count,row,20,True,557,7b1a9f7f37cc61d132427c293698054dfd0a8443ca500e67a52c7225ce80a282
558,sym_558.png,base 625/out/digits_0_625_row/sym_558.png,count,row,20,True,558,13b9d648939f219b401ef53c7df707770b5fd6bfd2f493dc2809c19da2737cb7
559,sym_559.png,base 625/out/digits_0_625_row/sym_559.png,count,row,20,True,559,76439a14858fa30e190e35d49192541f70082b2537f8066f20b3d1da4c08b29c
560,sym_560.png,base 625/out/digits_0_625_row/sym_560.png,count,row,20,True,560,6d21cab41a4431543283dac2ff966d580a250c5f537a9678e7267cd2f61709f8
561,sym_561.png,base 625/out/digits_0_625_row/sym_561.png,count,row,20,True,561,185718db695d50ec86a8d93c49beb9f58ea69beed38daa9aeaee13e668a354b7
562,sym_562.png,base 625/out/digits_0_625_row/sym_562.png,count,row,20,True,562,9e7249984043cc086d6768c6788f37b5b103c11930abc108437c724c1c19878d
563,sym_563.png,base 625/out/digits_0_625_row/sym_563.png,count,row,20,True,563,2562306ff53cab6cd783aa4b856addeb6f9bbbe996d6eecaa350ebfbf41a7a9e
564,sym_564.png,base 625/out/digits_0_625_row/sym_564.png,count,row,20,True,564,faa495acf05a40f77bb7aef9381c25d0b8fccf1fc8938aef94cf35ed75d31cfd
565,sym_565.png,base 625/out/digits_0_625_row/sym_565.png,count,row,20,True,565,9ddc57e8aeff53264b73b3eecca2b2fb92431d4e205f7fdb670a2d13032ee188
566,sym_566.png,base 625/out/digits_0_625_row/sym_566.png,count,row,20,True,566,57a0208ae84c9a79e25788833198faf279ae51623cbc8ce2b15c8ae62b58ef1b
567,sym_567.png,base 625/out/digits_0_625_row/sym_567.png,count,row,20,True,567,812fc662476628263b380735e014840da4d36c25f56ffec43b1611e4ccbe4f89
568,sym_568.png,base 625/out/digits_0_625_row/sym_568.png,count,row,20,True,568,84cc410c2a5e0642d1070e058001a3784309fbb45d9733adcc21263d04cfc463
569,sym_569.png,base 625/out/digits_0_625_row/sym_569.png,count,row,20,True,569,ba8eba0c5fe3f211e690b36b975980c51ca3245f5acc1cbce66eb6c217b16a6a
570,sym_570.png,base 625/out/digits_0_625_row/sym_570.png,count,row,20,True,570,da39dc021ad1f8e37f572e99b0f479a7fa38afe36db5aaa9354f39424ef83e87
571,sym_571.png,base 625/out/digits_0_625_row/sym_571.png,count,row,20,True,571,cfcdf331d1da66bd6d35fc0edfda0da93b72b5f2546266fb82c76f36853e9ff8
572,sym_572.png,base 625/out/digits_0_625_row/sym_572.png,count,row,20,True,572,f738f6d3967e275676a92d70947154aa2866f883610b8c617edb714ef08d138c
573,sym_573.png,base 625/out/digits_0_625_row/sym_573.png,count,row,20,True,573,31104a45ca132b77001f3c406e64a61f771df2aec94262831af627c17872d70e
574,sym_574.png,base 625/out/digits_0_625_row/sym_574.png,count,row,20,True,574,2266999bb7c74dec9065820f9a8dcbb6e8ff9632109ddf67b5a10a501caa9ea4
575,sym_575.png,base 625/out/digits_0_625_row/sym_575.png,count,row,20,True,575,d5305448d50375f26f91d67fae855511e53d63624ad889c63017ec17f7435480
576,sym_576.png,base 625/out/digits_0_625_row/sym_576.png,count,row,20,True,576,0c5a2dfac070e0ae1b6755ca7e08cca3ad3ade428cceab9c83e27391506f0ccb
577,sym_577.png,base 625/out/digits_0_625_row/sym_577.png,count,row,20,True,577,8b3b80fe6fbe5dc6418f2170abf9d7ac149ea3daff19bd9c7dd1f2dda426c907
578,sym_578.png,base 625/out/digits_0_625_row/sym_578.png,count,row,20,True,578,8c3f8ce11f4bd84e6668e75c9a1c36be939ce45a23545f5476278c599a676e05
579,sym_579.png,base 625/out/digits_0_625_row/sym_579.png,count,row,20,True,579,e51592e9d3cae7333448ee70c64f4a70d3f6341452811c6b9fdb900454c83914
580,sym_580.png,base 625/out/digits_0_625_row/sym_580.png,count,row,20,True,580,525a0ecdfa3e83818aaf60ebc551250e726c67c46848046351761dd9731bbff9
581,sym_581.png,base 625/out/digits_0_625_row/sym_581.png,count,row,20,True,581,26b5c5927b1f6c0a698e5f5890b479a5539382371fb054f640312857cc5a5559
582,sym_582.png,base 625/out/digits_0_625_row/sym_582.png,count,row,20,True,582,95c74851942908033d7aa8b7ef9992fb055631e8abec977b893141d1594364f2
583,sym_583.png,base 625/out/digits_0_625_row/sym_583.png,count,row,20,True,583,11faad2a98ee080bbc4765c259f6afb460392236df29b2253190afe49b67a00e
584,sym_584.png,base 625/out/digits_0_625_row/sym_584.png,count,row,20,True,584,04b106ea780026ad0d13754d0477173f57d1750c4c87681dbdaf2b8226b46c23
585,sym_585.png,base 625/out/digits_0_625_row/sym_585.png,count,row,20,True,585,1c46d1d54b931355eaff4f29bf3133b8c06c8730619dfef7594f0ec5a603a0b8
586,sym_586.png,base 625/out/digits_0_625_row/sym_586.png,count,row,20,True,586,d3a6b0ecfbb4e70286e8a5a7b7a85e91b83ae2c358b0c85739fb5f46ee6daf04
587,sym_587.png,base 625/out/digits_0_625_row/sym_587.png,count,row,20,True,587,0249dc8ffe3ceaa8b7edbec6d0a0d0350b0a1731c9f3e11ce4611650c161a2fb
588,sym_588.png,base 625/out/digits_0_625_row/sym_588.png,count,row,20,True,588,b741128b4e1bbfc00fda9c96b5380e96c2a69805a7a85b577ec7fce19156bcd7
589,sym_589.png,base 625/out/digits_0_625_row/sym_589.png,count,row,20,True,589,dc322a08cb47295fabe6ccc6204c6844660bc531647f210cf014779b39ff3812
590,sym_590.png,base 625/out/digits_0_625_row/sym_590.png,count,row,20,True,590,685cda2f025d327208c6334ee3710d516a4e90df9754758837fa13bc1e34219c
591,sym_591.png,base 625/out/digits_0_625_row/sym_591.png,count,row,20,True,591,9a4513d18e4f5083726ce83ee9bffa06acc2718c2f289e17472cb8b39a00171c
592,sym_592.png,base 625/out/digits_0_625_row/sym_592.png,count,row,20,True,592,164dd97762048fe6e17f499b3fe4afc8c5a9cbba817cf8f2b3ac83ca864049c9
593,sym_593.png,base 625/out/digits_0_625_row/sym_593.png,count,row,20,True,593,211cb850d974ef882f1c0c6222eae448e55a4d99fe0250ecaf6ac9b6051bc5f6
594,sym_594.png,base 625/out/digits_0_625_row/sym_594.png,count,row,20,True,594,365ec97dd8668dfd0ff3a8951ea496d72dd282a1bf5ba4bbf926d24057cf3164
595,sym_595.png,base 625/out/digits_0_625_row/sym_595.png,count,row,20,True,595,efffeda7f5f12977c12574a8384a19386e6fb7d3276480365a9cffb5b3092bd3
596,sym_596.png,base 625/out/digits_0_625_row/sym_596.png,count,row,20,True,596,7d720489d48a35bbbd475ca4051413180ed704844629ef87ea48a79641bce947
597,sym_597.png,base 625/out/digits_0_625_row/sym_597.png,count,row,20,True,597,98ca0d9440202fff66181f1a75f76777efe5ede92795377166a361c7f72af682
598,sym_598.png,base 625/out/digits_0_625_row/sym_598.png,count,row,20,True,598,38c0770ae59625541ee737c10c4ac9e362ae959d5cafc70246786ece6cb52070
599,sym_599.png,base 625/out/digits_0_625_row/sym_599.png,count,row,20,True,599,2e2d11696a9e3b7d3db0b11e18ab0b8ed5b512e477c636ca90ef71ff54e5459f
600,sym_600.png,base 625/out/digits_0_625_row/sym_600.png,count,row,20,True,600,9d84809c1aff1ebf9efe1db2bc083767c25b2516d0dc21ac3f5c0c80b1c98052
601,sym_601.png,base 625/out/digits_0_625_row/sym_601.png,count,row,20,True,601,40c64eec474df15ae229322863bc31e56aa42fa0db3c90aa355839113b2c01de
602,sym_602.png,base 625/out/digits_0_625_row/sym_602.png,count,row,20,True,602,35746d5fc810656d2d19f3ffb7eae972f513fe332d60bafe851e83bd8e5dcc3d
603,sym_603.png,base 625/out/digits_0_625_row/sym_603.png,count,row,20,True,603,db7e0e1b40d96a8f51eef8db443385dad0a4718cee1b28b9365ae4db42084d51
604,sym_604.png,base 625/out/digits_0_625_row/sym_604.png,count,row,20,True,604,3876a3b82cf60d54957a14f8e100760e2426d250131ba37c17386929da3bc0ba
605,sym_605.png,base 625/out/digits_0_625_row/sym_605.png,count,row,20,True,605,b0016dd421a8ac13a0d71c702989e080d66f2603ddb2c4d4d7e00ca56dd746d3
606,sym_606.png,base 625/out/digits_0_625_row/sym_606.png,count,row,20,True,606,878022c841425c4327d061110f4570944beb0cac3d1a5bfd998ce569971581ef
607,sym_607.png,base 625/out/digits_0_625_row/sym_607.png,count,row,20,True,607,a437f1a54222de50e868091c3ee49f27391bc7a3d0b94e1403ae65de382ae399
608,sym_608.png,base 625/out/digits_0_625_row/sym_608.png,count,row,20,True,608,84a74519cb0f8585fb085d9cd6f38953a2ef9894e11702657bcab28e3caaa6dc
609,sym_609.png,base 625/out/digits_0_625_row/sym_609.png,count,row,20,True,609,7d2c05eaf301c55f27f6a72b8323a6e618d328a0a5541cebb4ca845e06d32ae6
610,sym_610.png,base 625/out/digits_0_625_row/sym_610.png,count,row,20,True,610,3bcd1a0e93108e7846ba6590c769803f88f8895583ef5579d87cfca8b178b5d4
611,sym_611.png,base 625/out/digits_0_625_row/sym_611.png,count,row,20,True,611,a2f229f90b7e083217634f7de0eb004ea383c448f6e11721d4133ec12ff3237e
612,sym_612.png,base 625/out/digits_0_625_row/sym_612.png,count,row,20,True,612,d674b262c9d30bc179c6d4186ede9d3df7ce8d4bbf3d4f279694cd6724bcf8b2
613,sym_613.png,base 625/out/digits_0_625_row/sym_613.png,count,row,20,True,613,b93d41a0f4bd79c50637f263eec40f372d9c5c9eef8f9c456578480d6717b409
614,sym_614.png,base 625/out/digits_0_625_row/sym_614.png,count,row,20,True,614,1f3083900cd1e3dded72f14f3521bf701b269154a396e70cff0d93a02c243703
615,sym_615.png,base 625/out/digits_0_625_row/sym_615.png,count,row,20,True,615,3c0cdcf97ddeb63e0d78fd90be0e705cbdfd92448a15a0ab9aec0c572c67b33b
616,sym_616.png,base 625/out/digits_0_625_row/sym_616.png,count,row,20,True,616,425d1eee660c6ccf4f459fa475aaf18ed98477ae554ffcf5468de1cab37cc443
617,sym_617.png,base 625/out/digits_0_625_row/sym_617.png,count,row,20,True,617,283d30187c2b9d3b691148f935ee4730ce0efeb8b733ed3f6278b9df44c47f43
618,sym_618.png,base 625/out/digits_0_625_row/sym_618.png,count,row,20,True,618,b36845b880ce7c5f113a42802ea7adc19d291653b0ff8709307912973c0a7381
619,sym_619.png,base 625/out/digits_0_625_row/sym_619.png,count,row,20,True,619,8215580302f3f9cc25bb72d39eebd6ae807c453cd00433010ca7a029493abc07
620,sym_620.png,base 625/out/digits_0_625_row/sym_620.png,count,row,20,True,620,0d8c312bd526c85b3d42b24ee1f51bed7854ccef295b7ae065c15ee7a2d28362
621,sym_621.png,base 625/out/digits_0_625_row/sym_621.png,count,row,20,True,621,6f4a26a309578c44797379cb3dbaa585753bcf4a50f53d2d11317f6c2dd79f6a
622,sym_622.png,base 625/out/digits_0_625_row/sym_622.png,count,row,20,True,622,15747f75b701bbbcd661db5e48bf098e2dcbd0e0a814bda34a4949832b0b06d9
623,sym_623.png,base 625/out/digits_0_625_row/sym_623.png,count,row,20,True,623,73ce388ba9db17bf35f1628a1881fb90ccd201d8fe6e5dc29e3b74f2b1ee48db
624,sym_624.png,base 625/out/digits_0_625_row/sym_624.png,count,row,20,True,624,e2f06f487f13cb0a69b6e8e8d10d38643be6fc8d5d54a5d248bcdda0ef3a2b3a
625,sym_625.png,base 625/out/digits_0_625_row/sym_625.png,count,row,20,True,625,ff3d8144c4a4e81d2635945deca79218882bbf8c0bbe935e3df0b8238de04fac
